trans_id,trans_date,trans_amt,cust_id,product_id
915613b8-a275-4a55-a12b-bcf05f6f9029,2024-04-25,830.77,b32f4ae7-fa59-4940-90e9-7a6eeb80af94,4df385cf-9bb9-498e-8406-3dc2093d100d
af9c6dac-1841-4465-963b-5959a3a99962,2024-08-02,820.13,ca018ac6-40f4-44f3-be14-b2c782d25b01,dba4dd2a-41c8-4450-9900-09978c6b54ec
ea9be27f-724b-434a-b179-0122db6e7c4c,2024-01-03,439.37,3b725629-90a1-4697-a345-556474d44f06,9daa6c60-277f-46ab-a506-d1814659c219
6be57853-4235-40b1-a750-4a626dde50c8,2024-02-14,633.2,4ce6f16c-536a-4de2-b92c-48910ad7709d,18e2b4be-b9f2-47a1-8cf6-7e02511fd481
4c6f008e-af80-4cb4-bfb8-46dd066b984a,2024-09-04,800.5,bfc625ed-f752-46fa-a858-077c1535de0d,6b61d6b7-06ad-4526-9c2a-1e6d9d01bb20
acaea28f-3200-4abb-86c9-2a706663947e,2024-05-05,308.14,3469561d-6284-4eb8-8581-aaf830fc99e4,67c20c94-3597-45a7-ac78-84da0dd78cb3
812a55c9-ceb6-47ba-b8d4-cda491d41499,2023-10-26,743.36,0a2b0150-136e-4513-a71b-15b1cb92bbf8,c1c72526-158e-43df-8222-d434402fd8d4
aa72b728-c6c9-4879-b625-df1a66c06c7f,2024-03-02,157.32,89b4ddcd-562c-4b8a-ab87-4b9f88a29b53,dba4dd2a-41c8-4450-9900-09978c6b54ec
21ba1c28-d00c-4b25-aa8a-1a16fedf61ed,2024-09-13,722.02,24cdf2e1-d7bf-4670-b372-483c2b39d06d,9c353fb1-0ac7-4140-9130-efd112c1f511
ad10c1bf-8307-4156-9917-e3375de25593,2024-03-15,475.75,24cdf2e1-d7bf-4670-b372-483c2b39d06d,8a81c9ff-b9f2-41fc-90d7-f3dbea7a22d4
f0e4f5f8-eedd-44f0-9d1c-5f3bdbeff522,2024-09-29,756.99,e022e97a-ef5c-49cf-bf33-2b02b1d12752,64605cb9-08af-4fe4-8de4-89356c0be01d
e93745e9-42b5-41f9-ac8e-03ba3919b082,2024-10-03,488.18,fda39e98-83d3-4796-9905-8eabffc69eff,e473f4df-9fef-48e1-9017-4903fb772aee
56e0106e-9a00-4fea-96ad-f9fdb0ed3a4d,2024-04-01,970.98,cfbe64c4-50dc-484b-915a-0a03d16a8851,eeb14d37-25bb-4b2f-bc38-effb2e71027a
3006e4f1-3849-40f5-908b-a760f43c0ee1,2024-06-19,599.41,8b2ede36-929e-47d4-94bb-7335be88313e,2ae36f67-1e43-4735-9a48-84caca4e19fd
767da09f-790b-48f1-90a0-1e5d12240b12,2024-05-01,60.19,dd300dab-fb87-4c2c-9206-3413092dd684,645e0dbe-194c-4673-a45d-3c0381fcf4f6
a77bc8d2-63d5-4a1d-a75d-cc4d09c878d8,2024-02-18,432.38,92370558-f3e6-4599-a984-69106f708962,4e3817fc-6053-4a53-a923-ffed33bb626c
f4beb8af-e2f7-4886-9654-fd5820fd6bde,2023-12-04,387.06,24cdf2e1-d7bf-4670-b372-483c2b39d06d,98b8224a-8dc6-4fdf-8d12-ac70708d8cb4
807f6705-9bbd-4ace-b539-174e62b94b89,2024-04-14,10.29,b01ac54b-4365-4e0d-b99c-c32895050ac7,9c353fb1-0ac7-4140-9130-efd112c1f511
3bbe130f-e7b6-463c-b035-60788723b742,2024-07-06,363.26,8b2ede36-929e-47d4-94bb-7335be88313e,0c3df81d-04fe-468d-8499-08e7ff4f1d17
040a9763-6f8e-4084-8458-27379361794f,2023-12-17,819.64,061fb136-cbda-4926-aefc-f38f42e943e0,1cd4b5f4-f90b-4561-87f8-ac5aef1f885e
10d33a3c-e916-40af-8ff1-2c1cbe8ffbde,2023-10-26,960.84,d800d782-ae83-4bf1-8b41-95cb803c031b,1e52f127-e9c0-4c17-a443-ea2a2ef3d351
698dc2ef-4d4e-473c-b491-207cbb4dbac3,2024-02-19,343.64,849ea95b-72a4-4364-9ea5-fafb08d43ee2,7f69081e-9759-4c4c-b601-c053504f0aeb
bbdc2f87-e811-443f-88cc-c60a62358051,2023-11-26,569.83,4ce6f16c-536a-4de2-b92c-48910ad7709d,42e7da49-21af-4fc7-bac2-e20c7a67e772
93d564f8-eede-4b61-97d5-45b2cf33ad4b,2024-04-07,19.68,3fa9522d-69db-4e54-9ce2-de3b52ee3e7e,f37f192f-c171-4e3f-9dfd-bb0e833c6b3a
4c187610-982b-4c42-9125-f1b652ff2968,2023-12-27,614.89,06b5265c-2faa-4b8c-93fd-7d0c401ed668,6b61d6b7-06ad-4526-9c2a-1e6d9d01bb20
1fb80e35-e890-472b-bd63-883f7e50317d,2024-08-23,965.36,bfc625ed-f752-46fa-a858-077c1535de0d,c165e9d5-bf6a-49c9-b96c-94d78e6b791a
da4fadb6-bfea-477e-a430-b49ab60b3083,2024-06-06,523.85,1e71220c-abbb-4ffb-ae10-af6372792405,e473f4df-9fef-48e1-9017-4903fb772aee
cb65894e-a72b-4654-bd5e-19c47021f7c4,2023-12-20,896.37,a113b1d2-eee6-4464-ac72-38025b17ea8e,85a42d96-ce1b-4e63-834c-104017bad0eb
8b77cc8a-06cf-43e3-8803-09e5356b48cb,2023-12-18,135.17,849ea95b-72a4-4364-9ea5-fafb08d43ee2,eeb14d37-25bb-4b2f-bc38-effb2e71027a
d253b3bd-7ee2-4905-bbc8-8514d946f75e,2023-12-09,121.41,4786864f-f7f0-41b0-a356-6c4be02a2c52,1cd4b5f4-f90b-4561-87f8-ac5aef1f885e
8e95db32-7709-472d-a656-3e7229bd8a2f,2024-01-05,935.35,086c7c83-db90-4893-a967-e61e4e3acf83,c165e9d5-bf6a-49c9-b96c-94d78e6b791a
462e4229-5abb-4dcd-84bd-9e2b2a553742,2024-05-29,131.1,534c667e-024f-47c9-a3fc-98d451043083,4d429045-771e-4fc5-8a74-3ff9c511af83
c9d3cfa3-1d1f-4ae4-8ee6-e0448fdd60a0,2024-02-18,885.95,7a2f8c31-7891-49d9-b3d2-f68a8e196795,4e3817fc-6053-4a53-a923-ffed33bb626c
0ffdb253-5314-41e9-9823-b374136efbca,2023-10-14,316.0,b01ac54b-4365-4e0d-b99c-c32895050ac7,ff8054f1-1fe2-4bb5-8679-4ec16d836ba3
464fe22e-ef48-4cb3-a633-1dd0ef2152c5,2023-12-22,343.62,b32f4ae7-fa59-4940-90e9-7a6eeb80af94,876c5b1f-2b9c-4f86-997e-7698c9993872
4b381bae-b0a7-498c-a88b-1e8097b10851,2023-10-15,808.24,a049c67f-32ea-4469-be0c-b4cb29011740,2e30ea53-ea27-48fb-b075-c67ec6bff1c4
ccb6b71a-e872-41fd-b377-98ed911b2552,2024-04-14,421.33,f3dbbf38-59f5-4b1a-96fd-6ec2b6ffe623,dba4dd2a-41c8-4450-9900-09978c6b54ec
4c395caf-14e5-40a4-86d4-e03142569fb4,2024-05-05,724.98,98d14e7a-b89d-42d2-ab55-259d40503ee3,64605cb9-08af-4fe4-8de4-89356c0be01d
c61b1c86-458d-44e6-969d-7d8814026b7a,2024-08-01,973.66,b0a2fc61-005e-45cf-aada-85f7c33b955f,dba4dd2a-41c8-4450-9900-09978c6b54ec
c6443b7f-18a0-4d29-a15c-48d6e4ff9be8,2024-04-24,934.94,f0b2cacc-bb48-4d35-b31b-1bfb0f8cd1b5,98b8224a-8dc6-4fdf-8d12-ac70708d8cb4
0dee74f5-eafd-4703-a3ca-3b8d7701e004,2024-10-04,375.68,7d670569-10fa-4558-b681-f44257b53613,b8295297-0816-43bc-886c-e723e699eae7
7a5219a2-4023-497b-be72-3af410eb5347,2024-06-26,330.99,4786864f-f7f0-41b0-a356-6c4be02a2c52,98b8224a-8dc6-4fdf-8d12-ac70708d8cb4
aa53398b-47f2-4879-a0f8-43bfb239c527,2024-02-18,329.06,c9ee8ca2-fc39-4f55-9349-5508960ab12b,c1c72526-158e-43df-8222-d434402fd8d4
f20c9104-af18-41cd-8110-108d0fc1ed6d,2024-01-01,806.67,cd279da1-7c8f-4178-959d-63ec5bbc1b46,2838418f-d520-4ff4-a0b2-e902d2782f49
e6aaa7fa-72cd-4d44-ad17-d9c034a2a924,2024-03-21,537.12,51f933e9-7088-4b79-9788-c16437ee01f6,64605cb9-08af-4fe4-8de4-89356c0be01d
78079685-d0a7-4404-9fc6-e5fec8b7973a,2023-12-07,144.05,76f935b7-5ddd-477c-9911-623d137aa7bc,b4c65feb-a6c2-426f-a944-82eef4b5f8aa
3eebfa04-86c5-482a-ab1a-5c9a28f4d84e,2024-09-04,904.7,17a5216a-88d0-4ac2-9eb0-527f90da5be5,42e7da49-21af-4fc7-bac2-e20c7a67e772
ca460388-f5dd-4185-8d06-0460bc722660,2024-02-06,256.48,e1e7634f-e803-423b-8644-cdc85cdb3b88,64605cb9-08af-4fe4-8de4-89356c0be01d
f9a6551f-6f55-411a-84f1-e6b2d2301b85,2024-04-30,401.36,4786864f-f7f0-41b0-a356-6c4be02a2c52,98b8224a-8dc6-4fdf-8d12-ac70708d8cb4
03cb126a-dbc4-4d2c-8583-388198833ce3,2023-10-27,573.32,4246f535-b54c-451d-ad73-6fb185d82f7d,cc7a7d14-91e0-44d0-a073-484a6608bbfe
1d7bc45c-f98d-4f50-86dc-d0535cdace3a,2024-01-29,77.37,50737d63-48e2-4f5d-a040-8566c9ba019d,350742db-a55a-4897-ae94-7ed442efef1e
93c20e6b-5787-4b73-a0b6-6665a43f3af2,2024-04-02,718.42,1b39fcc5-a5cf-451c-91ed-d81a5dad551c,85a42d96-ce1b-4e63-834c-104017bad0eb
9bb6a3cc-8bb6-4271-865d-8144c36c4344,2024-04-09,466.41,2489dd5d-8e28-4a32-84f8-29cdd0a2cbcb,b4c65feb-a6c2-426f-a944-82eef4b5f8aa
d8eaa4c1-35e8-4126-b519-eacfc9bb4a18,2023-10-18,976.96,4fd94a26-7bec-43a2-88e8-415a85ade287,2e30ea53-ea27-48fb-b075-c67ec6bff1c4
aa414fc3-7156-466c-9ffc-014defaadcc2,2023-10-17,24.98,3b725629-90a1-4697-a345-556474d44f06,67c20c94-3597-45a7-ac78-84da0dd78cb3
7dce2be5-3553-46da-953b-5ac2aff3c556,2024-07-14,267.31,dd422b36-e12d-4208-917f-b5bd22b30edd,876c5b1f-2b9c-4f86-997e-7698c9993872
f5d1524b-1c5e-47d5-bd68-0cc6ef9b4422,2024-06-13,238.24,e4442e54-4de4-4abb-b319-ccc9e0999de0,42e7da49-21af-4fc7-bac2-e20c7a67e772
9febd1d1-0a3c-4ff7-8735-00baef759886,2024-10-01,484.6,66dbeb1a-a27c-4cab-ad7f-4fcc788922a8,f37f192f-c171-4e3f-9dfd-bb0e833c6b3a
f5ab8168-a7dc-4cc7-aadf-5fa66e58d3b8,2024-07-16,491.94,b0a2fc61-005e-45cf-aada-85f7c33b955f,45b8b583-829c-4a34-8feb-4c931a458885
c73ac5aa-b05f-4c2a-a829-ac007a949d7f,2024-04-14,763.66,dd422b36-e12d-4208-917f-b5bd22b30edd,1cd4b5f4-f90b-4561-87f8-ac5aef1f885e
4a983a46-eac8-40ea-9be0-98ae4c85e0a2,2024-08-21,447.95,e167f311-704d-44b3-8c45-17519ad868bb,b8295297-0816-43bc-886c-e723e699eae7
aed5912d-6ee4-4c06-a982-f15c46ae55f6,2024-01-16,380.11,2489dd5d-8e28-4a32-84f8-29cdd0a2cbcb,00a55acf-0181-4c1c-89f8-7e620dd29b39
090e3099-72c7-4c1e-b8ec-1ccb500dcc40,2024-02-17,295.75,af30a5de-4222-4636-897d-f24b45badc5a,2ae36f67-1e43-4735-9a48-84caca4e19fd
d8ab8700-913f-4079-971e-70e7648ee7db,2024-04-12,764.84,2f6354cc-4e20-44a0-afbd-f6ef72e8e08f,85a42d96-ce1b-4e63-834c-104017bad0eb
c3b780e6-2d2f-4d6f-85c6-6678dad2af0b,2024-09-07,102.52,f2760781-1b19-4231-b3a1-152550b2e04c,9daa6c60-277f-46ab-a506-d1814659c219
aa247178-1c32-487d-a744-a7d98a718460,2024-03-12,743.6,50737d63-48e2-4f5d-a040-8566c9ba019d,876c5b1f-2b9c-4f86-997e-7698c9993872
04e101e8-fe54-4fd4-9f1e-413d2c8cd3e5,2024-05-31,580.28,338c531d-1d79-4c64-8501-7370a965089f,64605cb9-08af-4fe4-8de4-89356c0be01d
f49074cc-f35c-4fa5-be7d-51472b24ed18,2024-02-14,309.62,4ce6f16c-536a-4de2-b92c-48910ad7709d,f37f192f-c171-4e3f-9dfd-bb0e833c6b3a
ae7f649a-b3f8-4724-a98b-7564b4878977,2024-01-01,949.22,c2ec75c1-1021-4f18-b366-b8f542d5559d,8a7762ac-08d0-4bfb-a935-19999d4de098
b064d646-b21c-4ad9-b3b9-9ea686fc0102,2024-08-23,962.25,523ce54f-ca98-42f1-908a-297a0b04c489,876c5b1f-2b9c-4f86-997e-7698c9993872
a605a806-4e2b-44d0-bc50-deb8ff114ac2,2023-11-05,397.2,1e71220c-abbb-4ffb-ae10-af6372792405,42199678-c96b-49b5-af8b-f68ef3269dbd
2324170b-30d5-4d0f-96ad-45cea2c6004a,2024-03-10,866.35,28884f74-84f1-4fa8-8f56-756486c15abc,9daa6c60-277f-46ab-a506-d1814659c219
b7dafaf4-366e-4218-a8cf-c2539e1e2be6,2023-10-14,507.93,534c667e-024f-47c9-a3fc-98d451043083,42e7da49-21af-4fc7-bac2-e20c7a67e772
2596f565-538c-4b6d-acd9-bafafd0ef2dd,2023-12-16,103.99,20692797-20da-4d89-908f-893ecb376136,ff8054f1-1fe2-4bb5-8679-4ec16d836ba3
a173bb3a-d8f1-4b21-a50c-5167af5b1550,2023-10-07,529.7,4ce6f16c-536a-4de2-b92c-48910ad7709d,8a81c9ff-b9f2-41fc-90d7-f3dbea7a22d4
d7ea5175-f7c9-49c5-9b77-071b8b3f41b3,2023-12-09,205.65,7d670569-10fa-4558-b681-f44257b53613,cfd0f69f-ade1-4b92-ae98-b5f3fa3cfbbd
5530dae3-2ea7-48ee-a11a-915fe40892f8,2024-04-23,280.67,911ec81d-3945-4d83-b69d-7b854cbae299,6b61d6b7-06ad-4526-9c2a-1e6d9d01bb20
d5112ade-488f-4c4d-860a-d8536d250931,2024-03-04,657.18,20692797-20da-4d89-908f-893ecb376136,e473f4df-9fef-48e1-9017-4903fb772aee
b0180bd0-6d20-4faa-a281-71aeb00e423e,2023-12-29,291.4,7b18a68a-211e-49ff-86d1-bacfd4c409a9,c165e9d5-bf6a-49c9-b96c-94d78e6b791a
0aa24f95-cbee-4ba1-b215-7039becdb683,2024-02-19,129.14,523ce54f-ca98-42f1-908a-297a0b04c489,64605cb9-08af-4fe4-8de4-89356c0be01d
c3a7de9b-acfc-4c9e-9582-d76ad3e7bf10,2024-02-09,941.36,1982c65f-71ed-4ca9-b14d-a1015ff7e5c2,4df385cf-9bb9-498e-8406-3dc2093d100d
7e33e8e6-2125-41c5-b0b6-975cdd20ac68,2024-07-21,375.83,e167f311-704d-44b3-8c45-17519ad868bb,4df385cf-9bb9-498e-8406-3dc2093d100d
fe4148fa-07b3-4ae5-8779-32ea436e7d13,2024-04-21,192.3,5447150a-70ca-4a98-8d12-091cd25db865,2ae36f67-1e43-4735-9a48-84caca4e19fd
cdbbc941-785a-4da0-b330-a67fe4772cc1,2024-10-06,362.27,a049c67f-32ea-4469-be0c-b4cb29011740,e9f10836-82b3-4cbc-8f5e-9b45c383200e
a3e0dcde-8872-400a-a3ef-cf96c92b66ed,2024-05-20,631.11,56ecabf2-88ab-4c27-9260-b9463140ee92,42e7da49-21af-4fc7-bac2-e20c7a67e772
ce093d78-c2a4-49ff-92b4-626fc1860d35,2024-09-30,618.38,7b18a68a-211e-49ff-86d1-bacfd4c409a9,876c5b1f-2b9c-4f86-997e-7698c9993872
393d1fdb-8e4a-47c2-9f64-d5b79a71cbe6,2024-06-22,471.05,b01ac54b-4365-4e0d-b99c-c32895050ac7,1cd4b5f4-f90b-4561-87f8-ac5aef1f885e
cd7e071b-070a-44c5-86bd-2c6589629f8c,2024-02-17,378.4,aa50b9c2-9905-451e-a743-35db1f077c04,1cd4b5f4-f90b-4561-87f8-ac5aef1f885e
16233f4a-8ef6-4a5d-acc0-4f07081d8483,2024-03-25,636.87,87ca6efd-5e23-4c09-b8bc-21c55ebdbf5b,cc7a7d14-91e0-44d0-a073-484a6608bbfe
f7259508-9bde-4138-9341-21f4eec8f1cd,2024-03-15,457.13,7d670569-10fa-4558-b681-f44257b53613,1e52f127-e9c0-4c17-a443-ea2a2ef3d351
c8e18bdc-7d73-4252-b183-e225693f384c,2023-10-21,62.21,338c531d-1d79-4c64-8501-7370a965089f,350742db-a55a-4897-ae94-7ed442efef1e
cf668827-84d8-4510-af45-cb91840b3f34,2023-11-02,476.05,e022e97a-ef5c-49cf-bf33-2b02b1d12752,dba4dd2a-41c8-4450-9900-09978c6b54ec
2a287cbd-6b00-405a-b46c-662d73f46246,2024-09-17,12.72,4246f535-b54c-451d-ad73-6fb185d82f7d,9c353fb1-0ac7-4140-9130-efd112c1f511
ec408369-511e-4032-815b-184a870cf98e,2023-10-07,429.2,534c667e-024f-47c9-a3fc-98d451043083,c1c72526-158e-43df-8222-d434402fd8d4
e1cc443b-fe3a-4690-a467-22d6332f2d1d,2023-12-17,508.73,061fb136-cbda-4926-aefc-f38f42e943e0,e473f4df-9fef-48e1-9017-4903fb772aee
000fe282-0881-43c3-956e-b85c7d7e32e8,2024-07-21,594.33,bf5c42d7-7d52-4c84-8d9b-af8291287f35,1394745a-3049-4f16-b8f6-7181683fc250
dbc23585-9e5b-427b-865e-7052a828135b,2024-03-20,974.21,51f933e9-7088-4b79-9788-c16437ee01f6,b4c65feb-a6c2-426f-a944-82eef4b5f8aa
46024c85-a2f4-49aa-8d6a-b01eee736234,2023-10-10,619.84,901e1289-8a13-4b2d-8dc7-47e8e084872d,1cd4b5f4-f90b-4561-87f8-ac5aef1f885e
d92f87c2-67a0-4bb2-98c1-5808770adeda,2024-08-27,827.62,1982c65f-71ed-4ca9-b14d-a1015ff7e5c2,eeb14d37-25bb-4b2f-bc38-effb2e71027a
7aa6c5ce-708f-4249-ad27-6b64ea8684c2,2023-12-26,706.36,9662d299-d601-4f63-bcde-64f046bc3dbf,7709059e-7a0c-492e-8a4b-953b0ca44083
169b2aff-badb-4e19-8132-5c8af983a1c1,2024-01-02,793.51,b01ac54b-4365-4e0d-b99c-c32895050ac7,cc7a7d14-91e0-44d0-a073-484a6608bbfe
f014eb7c-03a6-43c9-877f-54848e33f7f2,2024-02-26,178.8,0a2b0150-136e-4513-a71b-15b1cb92bbf8,9daa6c60-277f-46ab-a506-d1814659c219
19fc5211-861f-409b-af74-e5d2618124f2,2024-02-27,292.62,d03251c5-58fa-41df-bef8-0675d61c8dcb,42e7da49-21af-4fc7-bac2-e20c7a67e772
b05a8aeb-fd41-4619-9665-b5d9f67a3e65,2024-01-12,236.28,b2ac5430-ec22-4326-9b35-5cbde72a742d,f37f192f-c171-4e3f-9dfd-bb0e833c6b3a
bddf5ae4-1674-42b2-a75e-c8f268c84f5c,2024-08-13,210.96,4786864f-f7f0-41b0-a356-6c4be02a2c52,45b8b583-829c-4a34-8feb-4c931a458885
2274928f-4789-4ea6-bb51-21dcc000003a,2024-06-22,913.55,87ca6efd-5e23-4c09-b8bc-21c55ebdbf5b,cc7a7d14-91e0-44d0-a073-484a6608bbfe
e7527822-6f33-49ac-9efc-22c06d30a7f4,2024-06-22,480.68,0a2b0150-136e-4513-a71b-15b1cb92bbf8,65ad6107-1ba2-4f68-8750-5b9b12115d79
dc69b2ca-5ff6-4477-930b-2f82d07cda0c,2024-03-06,806.07,7e1ad247-95ff-4e16-b056-01555e85cb53,8a7762ac-08d0-4bfb-a935-19999d4de098
ad1aa89a-1d00-4f04-a3fe-990ffec2ae45,2024-06-21,739.46,8b25c54b-0582-4e54-8352-07339a43ea85,2ae36f67-1e43-4735-9a48-84caca4e19fd
394d23ca-41e0-4268-8a2e-3925402c7046,2024-10-03,843.63,fda39e98-83d3-4796-9905-8eabffc69eff,b4c65feb-a6c2-426f-a944-82eef4b5f8aa
ab483f7a-dfb7-4aee-aa7f-7f9e97260568,2023-12-09,800.93,f3dbbf38-59f5-4b1a-96fd-6ec2b6ffe623,42e7da49-21af-4fc7-bac2-e20c7a67e772
1a048e04-eda7-41fa-8e92-b80f9c976360,2024-03-27,33.24,3469561d-6284-4eb8-8581-aaf830fc99e4,1394745a-3049-4f16-b8f6-7181683fc250
9fe27425-796f-469e-be3b-69c99a6bbead,2024-03-28,811.66,d03251c5-58fa-41df-bef8-0675d61c8dcb,4df385cf-9bb9-498e-8406-3dc2093d100d
be380356-7bab-4691-91b7-15514c00b4ff,2024-03-07,484.34,f3dbbf38-59f5-4b1a-96fd-6ec2b6ffe623,42e7da49-21af-4fc7-bac2-e20c7a67e772
82fc146d-5158-4f59-8535-1120ea1c7fe9,2024-06-29,923.02,28884f74-84f1-4fa8-8f56-756486c15abc,6b61d6b7-06ad-4526-9c2a-1e6d9d01bb20
45d44154-0d21-4a00-8ad8-a972d57401c9,2023-11-21,987.9,4cf621db-a54c-4983-9e62-f5d40c4da6a9,42199678-c96b-49b5-af8b-f68ef3269dbd
25edfaa3-711d-4cfa-a8cd-87adab3f5523,2024-06-03,47.15,6981face-56cb-4c3b-96fe-e911151529ef,0c3df81d-04fe-468d-8499-08e7ff4f1d17
06f4788e-d62f-40ce-8899-edcfbab8db33,2024-08-08,634.63,2489dd5d-8e28-4a32-84f8-29cdd0a2cbcb,67c20c94-3597-45a7-ac78-84da0dd78cb3
9951a1f1-84bb-41dc-9285-fc99b8cdc443,2023-10-15,518.72,c07b3daf-f6b6-41b0-a945-b70986f0eb46,98b8224a-8dc6-4fdf-8d12-ac70708d8cb4
362c8208-38a0-4d8d-80ef-28c3d35c09eb,2024-04-12,364.2,6981face-56cb-4c3b-96fe-e911151529ef,1e52f127-e9c0-4c17-a443-ea2a2ef3d351
231907ca-4d11-43a7-b00c-83d7f9405842,2024-05-11,34.46,cd279da1-7c8f-4178-959d-63ec5bbc1b46,eeb14d37-25bb-4b2f-bc38-effb2e71027a
6057215f-17cf-4d98-b9be-73893439c7f4,2024-05-02,139.55,1b39fcc5-a5cf-451c-91ed-d81a5dad551c,9daa6c60-277f-46ab-a506-d1814659c219
84938019-008d-42f5-afa8-ff1d49f2466b,2023-11-21,810.24,06b5265c-2faa-4b8c-93fd-7d0c401ed668,b2ee8810-1b78-4042-8bf4-cbf0895c7e4d
107bdde4-3c2b-47c9-9398-99c366886c30,2023-12-20,926.83,276c1f5a-9763-4cf0-a4aa-9c1cd9e1b2ef,4fa2488d-5767-4b6f-a375-0a7007556eaf
1e0f5543-6fd6-4565-ab13-1b610539c999,2024-09-14,807.46,835f937b-1cb8-4b4e-b923-8271f9b4e02f,645e0dbe-194c-4673-a45d-3c0381fcf4f6
e227c294-78bb-472c-af6c-7d2b406c2a34,2024-05-02,931.55,5447150a-70ca-4a98-8d12-091cd25db865,876c5b1f-2b9c-4f86-997e-7698c9993872
05835481-0e56-40a6-bc88-d51f228232cb,2024-07-02,148.21,92370558-f3e6-4599-a984-69106f708962,98b8224a-8dc6-4fdf-8d12-ac70708d8cb4
249b9738-fac6-4736-bf7c-d5fb37e2a13f,2024-04-21,673.46,386eb032-9989-4534-8ff0-08a0c6a7ab19,65cfc296-8409-4a95-a762-13a49eca0fa9
454c85d2-d2b8-4a41-8773-74bfd34c5da9,2024-02-18,106.06,f2760781-1b19-4231-b3a1-152550b2e04c,18e2b4be-b9f2-47a1-8cf6-7e02511fd481
a6615059-8243-4e0a-98cb-955343054af2,2024-09-16,383.71,2f6354cc-4e20-44a0-afbd-f6ef72e8e08f,00a55acf-0181-4c1c-89f8-7e620dd29b39
d3640483-0b23-4564-91e9-9eeb712b5437,2024-05-30,588.19,06b5265c-2faa-4b8c-93fd-7d0c401ed668,876c5b1f-2b9c-4f86-997e-7698c9993872
c912ae72-a5b5-491f-a844-542b4c87f9fd,2024-02-01,289.8,a8b95e1e-bf60-44c8-a0cb-c633bfdfd7a0,eeb14d37-25bb-4b2f-bc38-effb2e71027a
c3c76958-1c07-4ceb-845e-b068255a1b62,2024-04-06,172.67,56ecabf2-88ab-4c27-9260-b9463140ee92,9c353fb1-0ac7-4140-9130-efd112c1f511
b73e12fa-9a9e-4ff2-98fa-8c8ad34670ec,2024-06-10,338.15,a049c67f-32ea-4469-be0c-b4cb29011740,dba4dd2a-41c8-4450-9900-09978c6b54ec
6079f7ea-6e48-4425-9113-5057e803d4bf,2024-01-23,413.28,20692797-20da-4d89-908f-893ecb376136,4fa2488d-5767-4b6f-a375-0a7007556eaf
91874bc6-f86a-4707-b863-6a7e7788cd6d,2024-05-25,772.57,28884f74-84f1-4fa8-8f56-756486c15abc,64605cb9-08af-4fe4-8de4-89356c0be01d
e864c1f0-4c19-49a4-b962-bf5a37b8a221,2024-09-29,62.35,911ec81d-3945-4d83-b69d-7b854cbae299,2a598113-b08a-4967-940f-b506b81256f0
92b8733d-1749-4f63-b52c-c0b7289bd5b5,2024-03-26,724.08,6c8e3c39-5a82-459b-a674-d5540cf99a28,98b8224a-8dc6-4fdf-8d12-ac70708d8cb4
d485fafc-73be-4261-ad5f-8008b1a6c781,2024-03-12,776.48,767f4144-811e-451f-a67b-af52fabe9830,350742db-a55a-4897-ae94-7ed442efef1e
cbb268f5-8215-4e05-ba4c-be21555d1f94,2024-01-30,289.79,a8b95e1e-bf60-44c8-a0cb-c633bfdfd7a0,2a598113-b08a-4967-940f-b506b81256f0
967e97c5-04c5-4fcd-8db4-bfc13dfcea21,2023-12-17,679.36,2489dd5d-8e28-4a32-84f8-29cdd0a2cbcb,45b8b583-829c-4a34-8feb-4c931a458885
9d1a0325-8de3-4f5c-a9a1-59e6240eb881,2024-02-18,780.89,276c1f5a-9763-4cf0-a4aa-9c1cd9e1b2ef,cfd0f69f-ade1-4b92-ae98-b5f3fa3cfbbd
b41cacb8-cbcf-44a9-87b3-15411d5b5ba4,2023-12-21,386.86,7d670569-10fa-4558-b681-f44257b53613,645e0dbe-194c-4673-a45d-3c0381fcf4f6
09d151ef-b0b2-4f80-b6fb-873ae858e857,2024-06-26,794.33,bf5c42d7-7d52-4c84-8d9b-af8291287f35,65cfc296-8409-4a95-a762-13a49eca0fa9
7f8dd5ab-1d44-4ce0-9bd5-2a0210cc6d33,2024-08-10,999.45,b0a2fc61-005e-45cf-aada-85f7c33b955f,18e2b4be-b9f2-47a1-8cf6-7e02511fd481
09ff7e6c-2f1a-4544-8a29-8979cf25bf74,2024-07-18,361.66,7d670569-10fa-4558-b681-f44257b53613,2838418f-d520-4ff4-a0b2-e902d2782f49
de3c6a68-09e6-4dea-915a-e190eab8e6de,2024-01-04,781.55,a444f6c1-4ed6-4f4b-a834-71238cee9b2a,2e30ea53-ea27-48fb-b075-c67ec6bff1c4
ca6790cf-009f-4ff4-9a1e-7952998e35e9,2024-07-14,236.78,29dd212a-75fd-48b8-ac76-37e91e721409,8a7762ac-08d0-4bfb-a935-19999d4de098
8ce3235c-e924-4180-b32b-a9bbbb6d83d8,2024-02-14,90.01,92370558-f3e6-4599-a984-69106f708962,2e30ea53-ea27-48fb-b075-c67ec6bff1c4
f1630eea-729c-4160-abea-54764598da0a,2024-03-27,772.24,c2ec75c1-1021-4f18-b366-b8f542d5559d,4d429045-771e-4fc5-8a74-3ff9c511af83
192b96b2-f952-4ad6-9b6b-6612742b4563,2023-10-10,957.35,85662cb6-0660-44d6-ba27-0595d418a19d,2838418f-d520-4ff4-a0b2-e902d2782f49
2225c094-e78f-49f7-a5bc-8ea482339f29,2024-09-26,673.21,2489dd5d-8e28-4a32-84f8-29cdd0a2cbcb,18e2b4be-b9f2-47a1-8cf6-7e02511fd481
35238454-706f-45bb-b989-59ca7a0c9ca9,2024-05-09,28.73,4fd94a26-7bec-43a2-88e8-415a85ade287,eeb14d37-25bb-4b2f-bc38-effb2e71027a
188ae7ad-0785-4c8c-83cc-c9150b2ca8f6,2024-03-25,337.86,d800d782-ae83-4bf1-8b41-95cb803c031b,64605cb9-08af-4fe4-8de4-89356c0be01d
6510eba4-733f-4b5f-8200-712d7eaa8bc6,2024-01-17,303.87,4fd94a26-7bec-43a2-88e8-415a85ade287,1cd4b5f4-f90b-4561-87f8-ac5aef1f885e
10df6c71-05fb-49c0-a912-b4c85dc722f5,2024-06-09,908.0,bf5c42d7-7d52-4c84-8d9b-af8291287f35,2e30ea53-ea27-48fb-b075-c67ec6bff1c4
a7ebe714-c9a5-4a55-b95a-8ea3a270f144,2024-04-13,382.06,54eeb4a6-673c-46e8-98aa-8cc5ee82b28b,65ad6107-1ba2-4f68-8750-5b9b12115d79
a188fd26-6d02-4437-a643-a91b717bb722,2024-03-06,141.75,a8b95e1e-bf60-44c8-a0cb-c633bfdfd7a0,b4c65feb-a6c2-426f-a944-82eef4b5f8aa
0fc2fc68-107d-4d7a-8c8b-07d43486bd2c,2023-12-23,413.25,f2760781-1b19-4231-b3a1-152550b2e04c,b4c65feb-a6c2-426f-a944-82eef4b5f8aa
9fb2fc94-954d-43d2-9322-8dadf1809740,2023-10-13,748.21,59ec7687-db54-45ca-b8bb-a0d5e5294d76,9be6cf02-02e9-4540-ace7-a783752289a9
23abdae6-6ca3-4503-9762-efef5421b531,2023-11-24,273.36,276c1f5a-9763-4cf0-a4aa-9c1cd9e1b2ef,8f38acf8-84f0-462b-9ac0-bee4364d0b98
047c1381-d46e-4f34-bc9c-6811c7c894e5,2024-02-26,321.24,d800d782-ae83-4bf1-8b41-95cb803c031b,b8295297-0816-43bc-886c-e723e699eae7
73b6357d-93a7-4de1-afb3-06add9f0f911,2024-01-28,567.12,097a7163-5298-464f-bdac-7098a21c2029,00a55acf-0181-4c1c-89f8-7e620dd29b39
4bc6ea41-d703-4cef-b229-08d678189b73,2024-09-12,654.13,d800d782-ae83-4bf1-8b41-95cb803c031b,2838418f-d520-4ff4-a0b2-e902d2782f49
6ef6e130-b5f5-44ec-a134-8252a017b893,2023-10-31,547.84,28884f74-84f1-4fa8-8f56-756486c15abc,2a598113-b08a-4967-940f-b506b81256f0
a7348f0d-0070-4207-9546-9f80ab950516,2024-07-03,322.54,7b18a68a-211e-49ff-86d1-bacfd4c409a9,e473f4df-9fef-48e1-9017-4903fb772aee
da3389c7-6da0-474d-8995-c85434315517,2024-03-29,367.48,54eeb4a6-673c-46e8-98aa-8cc5ee82b28b,65cfc296-8409-4a95-a762-13a49eca0fa9
096b06fc-25dc-40a3-8911-a3452cdccac6,2024-02-03,129.22,2764fed7-1fb2-4bdf-b60c-7db6051b362f,2838418f-d520-4ff4-a0b2-e902d2782f49
5f003d15-02d8-4d60-9415-e8bb5582c435,2024-07-05,307.19,e022e97a-ef5c-49cf-bf33-2b02b1d12752,9be6cf02-02e9-4540-ace7-a783752289a9
d8e3636e-8ca1-4bef-841a-328c22cc018d,2024-03-12,836.5,a444f6c1-4ed6-4f4b-a834-71238cee9b2a,9be6cf02-02e9-4540-ace7-a783752289a9
60bc8b32-cb83-4f21-a62d-420155a266a3,2024-05-24,911.87,b0a2fc61-005e-45cf-aada-85f7c33b955f,4fa2488d-5767-4b6f-a375-0a7007556eaf
b9484e89-e354-4b14-bcd3-86116275ec0c,2024-04-24,389.93,0a2b0150-136e-4513-a71b-15b1cb92bbf8,18e2b4be-b9f2-47a1-8cf6-7e02511fd481
39cde257-ab52-46ab-ab5d-894464927e7d,2023-10-31,543.74,d19fc6e3-44c4-4d17-ad48-78edefcd06ed,b4c65feb-a6c2-426f-a944-82eef4b5f8aa
b2ed2d24-b64d-4f92-ad09-84f0429795e7,2023-12-12,100.34,386eb032-9989-4534-8ff0-08a0c6a7ab19,b4c65feb-a6c2-426f-a944-82eef4b5f8aa
4fc2d77e-ca27-4863-90f8-91b1344395c4,2024-01-10,343.99,59ec7687-db54-45ca-b8bb-a0d5e5294d76,ff8054f1-1fe2-4bb5-8679-4ec16d836ba3
c55f6945-fd50-47a6-83d8-1b135deca6bc,2023-11-11,852.71,20692797-20da-4d89-908f-893ecb376136,00a55acf-0181-4c1c-89f8-7e620dd29b39
d01dbb24-910f-45d6-8043-619f758a4a0d,2024-04-20,392.63,cd279da1-7c8f-4178-959d-63ec5bbc1b46,64605cb9-08af-4fe4-8de4-89356c0be01d
f5376769-795c-4f07-86b0-016b4d392a1a,2024-09-13,491.61,5d7a956f-9e88-41c3-8e30-2a4cada8a37f,9daa6c60-277f-46ab-a506-d1814659c219
1a0574e2-40b9-470e-b60d-8df819b6429a,2023-12-06,468.41,911ec81d-3945-4d83-b69d-7b854cbae299,85a42d96-ce1b-4e63-834c-104017bad0eb
60f66f13-5381-464d-ba6a-5565afeb9117,2024-01-15,22.33,a444f6c1-4ed6-4f4b-a834-71238cee9b2a,ff8054f1-1fe2-4bb5-8679-4ec16d836ba3
fd16b189-4248-4a73-9fc2-54809b880283,2024-03-27,70.7,fda39e98-83d3-4796-9905-8eabffc69eff,7f69081e-9759-4c4c-b601-c053504f0aeb
c8cb7064-d32f-4c1d-bfb9-27bcecff5c5a,2024-01-12,300.13,2f6354cc-4e20-44a0-afbd-f6ef72e8e08f,4df385cf-9bb9-498e-8406-3dc2093d100d
8d85e29b-e96b-4330-932b-c0c38259342f,2024-04-27,395.43,a113b1d2-eee6-4464-ac72-38025b17ea8e,9daa6c60-277f-46ab-a506-d1814659c219
696ac485-7c21-48c5-bf2b-51655c0c2fae,2024-02-26,785.58,170814cb-9907-4a86-bb4a-cdd54c32d55b,8a81c9ff-b9f2-41fc-90d7-f3dbea7a22d4
e29b1187-d18e-4774-9a3f-cfc56a6bbed9,2024-08-23,770.77,28884f74-84f1-4fa8-8f56-756486c15abc,cc7a7d14-91e0-44d0-a073-484a6608bbfe
649d03b8-4086-4142-a31e-6ad224fb6713,2024-01-09,955.44,85662cb6-0660-44d6-ba27-0595d418a19d,b4c65feb-a6c2-426f-a944-82eef4b5f8aa
352479c8-2c04-4d19-8e67-4d949c0d9ba1,2024-05-10,238.32,cf5be9dd-e10a-4688-9d97-28d50e7d255f,1cd4b5f4-f90b-4561-87f8-ac5aef1f885e
2dc961dc-cd5d-4532-aa64-43057fabd5b6,2024-01-07,913.53,1e71220c-abbb-4ffb-ae10-af6372792405,876c5b1f-2b9c-4f86-997e-7698c9993872
42d3e3c8-7e3d-49ad-9d39-120e843df331,2024-03-26,327.69,51f933e9-7088-4b79-9788-c16437ee01f6,081756b6-8083-450c-9cff-e40858bbab5f
34a86682-5f5f-4437-9a25-82ffb9117727,2024-06-26,851.74,2764fed7-1fb2-4bdf-b60c-7db6051b362f,c1c72526-158e-43df-8222-d434402fd8d4
fe7d9b61-2017-499a-8941-78918cd5d163,2024-02-03,454.83,f0b2cacc-bb48-4d35-b31b-1bfb0f8cd1b5,44bf0d2f-3068-4802-8e52-14c9d65514c6
eeef9726-1523-4aac-8a56-41f277e0327b,2023-11-29,111.31,3469561d-6284-4eb8-8581-aaf830fc99e4,67c20c94-3597-45a7-ac78-84da0dd78cb3
b5d46b26-39f3-417d-ae69-1db39c25797f,2024-03-15,65.8,901e1289-8a13-4b2d-8dc7-47e8e084872d,b2ee8810-1b78-4042-8bf4-cbf0895c7e4d
7636290a-45d0-485b-9c42-88c0022ca8dc,2024-06-30,542.92,4ce6f16c-536a-4de2-b92c-48910ad7709d,081756b6-8083-450c-9cff-e40858bbab5f
47cdb5fd-9c1f-4952-8fd7-acce5a386819,2024-01-27,129.99,1b39fcc5-a5cf-451c-91ed-d81a5dad551c,44bf0d2f-3068-4802-8e52-14c9d65514c6
457a5f9c-db7b-46ac-9180-85cd2c4e86f1,2024-06-25,639.26,f0b2cacc-bb48-4d35-b31b-1bfb0f8cd1b5,6b61d6b7-06ad-4526-9c2a-1e6d9d01bb20
107103e3-780c-4209-b58b-cdcaf8e252d5,2023-11-19,528.53,b01ac54b-4365-4e0d-b99c-c32895050ac7,1cd4b5f4-f90b-4561-87f8-ac5aef1f885e
f972e73b-013b-4e03-9cf0-ab8eeb0012ab,2023-12-01,130.39,20692797-20da-4d89-908f-893ecb376136,00a55acf-0181-4c1c-89f8-7e620dd29b39
07f4d819-d65f-49bf-9fde-459a8aba24be,2024-08-09,713.19,7a2f8c31-7891-49d9-b3d2-f68a8e196795,645e0dbe-194c-4673-a45d-3c0381fcf4f6
3343ee60-8fe3-4066-ae4e-e98db047812d,2024-03-06,796.39,a113b1d2-eee6-4464-ac72-38025b17ea8e,4df385cf-9bb9-498e-8406-3dc2093d100d
02531d6d-e6ca-4cd8-97a4-621ea7bab844,2024-02-20,527.29,85662cb6-0660-44d6-ba27-0595d418a19d,9be6cf02-02e9-4540-ace7-a783752289a9
59569429-5b44-41a3-b104-9025d0aae59d,2023-10-08,73.03,a444f6c1-4ed6-4f4b-a834-71238cee9b2a,1cd4b5f4-f90b-4561-87f8-ac5aef1f885e
5f64b722-bae9-4cb3-9759-11ea2f4a02d1,2024-05-04,520.02,534c667e-024f-47c9-a3fc-98d451043083,f37f192f-c171-4e3f-9dfd-bb0e833c6b3a
b6b96b40-6684-4b12-935a-bc316bc3fc3e,2024-06-14,328.49,66dbeb1a-a27c-4cab-ad7f-4fcc788922a8,dba4dd2a-41c8-4450-9900-09978c6b54ec
935816f7-35e8-41dd-8393-701f6ceff6e9,2024-07-24,108.3,cd279da1-7c8f-4178-959d-63ec5bbc1b46,2e30ea53-ea27-48fb-b075-c67ec6bff1c4
c9a7a53b-35da-4b65-9d9f-9f238a6255f4,2024-01-21,909.54,c96d30a2-b971-4aa2-8a2d-a9db8ef967ee,8f38acf8-84f0-462b-9ac0-bee4364d0b98
2ac79e3e-a338-44e5-a77a-b986925b72a6,2024-01-05,49.0,d3324bb7-0be6-44fb-8fcc-7d3f14f5409d,2e30ea53-ea27-48fb-b075-c67ec6bff1c4
1668fb4d-fddc-4156-b684-0ccbe2973646,2024-04-25,783.54,5d7a956f-9e88-41c3-8e30-2a4cada8a37f,98b8224a-8dc6-4fdf-8d12-ac70708d8cb4
d62906c7-fb38-4693-b0c0-c3a6722376d0,2024-06-01,703.36,a049c67f-32ea-4469-be0c-b4cb29011740,98b8224a-8dc6-4fdf-8d12-ac70708d8cb4
46c03546-3c1c-4655-912c-0461fb71587d,2024-02-28,980.29,b2ac5430-ec22-4326-9b35-5cbde72a742d,42e7da49-21af-4fc7-bac2-e20c7a67e772
5db3f332-b681-4cff-8a53-67dbbc7ecbf3,2024-09-13,365.25,3469561d-6284-4eb8-8581-aaf830fc99e4,42199678-c96b-49b5-af8b-f68ef3269dbd
3e168ab5-30c5-4b46-a15e-9b13f591a23f,2024-07-18,249.9,98d14e7a-b89d-42d2-ab55-259d40503ee3,4e3817fc-6053-4a53-a923-ffed33bb626c
e10c4de5-9a45-43b8-b51b-cfc7869ba8d1,2024-06-21,909.68,aa50b9c2-9905-451e-a743-35db1f077c04,7709059e-7a0c-492e-8a4b-953b0ca44083
77571ef1-30d7-46ab-bb3b-ee7d753442ff,2024-03-28,540.36,b0a2fc61-005e-45cf-aada-85f7c33b955f,645e0dbe-194c-4673-a45d-3c0381fcf4f6
cd6b06b9-e289-4555-9226-835d56fc86f0,2024-06-25,52.5,a049c67f-32ea-4469-be0c-b4cb29011740,c165e9d5-bf6a-49c9-b96c-94d78e6b791a
062ff0bb-56a1-4fc7-a3fe-ad6feda4e3f2,2024-02-25,853.36,c9ee8ca2-fc39-4f55-9349-5508960ab12b,98b8224a-8dc6-4fdf-8d12-ac70708d8cb4
7ef53bc2-56de-4e33-b68d-2fa1454ef682,2023-10-10,703.52,c9ee8ca2-fc39-4f55-9349-5508960ab12b,1cd4b5f4-f90b-4561-87f8-ac5aef1f885e
b96ece75-2fd4-4eb7-b6ba-1ffe14348b6c,2024-08-29,61.41,6c8e3c39-5a82-459b-a674-d5540cf99a28,ff8054f1-1fe2-4bb5-8679-4ec16d836ba3
6a7882bd-bf14-4fe0-bc18-ace9abd63dba,2023-11-25,436.94,ca018ac6-40f4-44f3-be14-b2c782d25b01,4e3817fc-6053-4a53-a923-ffed33bb626c
c4a7ac7d-eb29-48cc-931a-cdfd2351f12d,2024-01-04,876.95,4fd94a26-7bec-43a2-88e8-415a85ade287,7709059e-7a0c-492e-8a4b-953b0ca44083
8b04743f-ad7f-4749-91d8-d802ba8d94ac,2024-08-10,878.42,64099b2d-3a9b-4ace-9269-7807000b32f7,4fa2488d-5767-4b6f-a375-0a7007556eaf
4d525cfa-3ac9-457d-8638-30e80fea3fa8,2024-07-20,395.55,f0b2cacc-bb48-4d35-b31b-1bfb0f8cd1b5,2a598113-b08a-4967-940f-b506b81256f0
f3906e76-36a5-4b53-ada0-09cf7ed4e3aa,2024-04-30,362.42,8b2d6ec7-54d1-47ee-bbf4-06374a725c9b,2ae36f67-1e43-4735-9a48-84caca4e19fd
278ca644-b756-4502-acdf-2ac6f0481b32,2024-06-15,39.8,c07b3daf-f6b6-41b0-a945-b70986f0eb46,350742db-a55a-4897-ae94-7ed442efef1e
c027d462-383c-4941-94cc-fb9aaa7e6678,2023-12-29,458.67,ca018ac6-40f4-44f3-be14-b2c782d25b01,b8295297-0816-43bc-886c-e723e699eae7
bf0a3cb4-aa20-4c03-b5cf-e2aab6582b79,2024-09-23,223.43,c07b3daf-f6b6-41b0-a945-b70986f0eb46,64605cb9-08af-4fe4-8de4-89356c0be01d
088408d1-97b8-4e05-99b9-11eea4b853d5,2024-07-26,522.6,ca018ac6-40f4-44f3-be14-b2c782d25b01,b2ee8810-1b78-4042-8bf4-cbf0895c7e4d
0d332490-3ec4-412d-ac17-790d96da8e12,2024-09-16,799.35,98d14e7a-b89d-42d2-ab55-259d40503ee3,c1c72526-158e-43df-8222-d434402fd8d4
ecb0d234-064d-4944-aff5-1c638e6190cb,2023-12-27,705.58,4786864f-f7f0-41b0-a356-6c4be02a2c52,8a7762ac-08d0-4bfb-a935-19999d4de098
39231206-025b-4445-aa1b-4c2aa6cc55ac,2023-12-02,800.06,bfc625ed-f752-46fa-a858-077c1535de0d,1e52f127-e9c0-4c17-a443-ea2a2ef3d351
8122013d-dfad-4308-8124-6a11240a7f75,2023-12-13,391.26,b0a2fc61-005e-45cf-aada-85f7c33b955f,b4c65feb-a6c2-426f-a944-82eef4b5f8aa
99fc0b1e-1c03-4c41-9058-083ae7cffa31,2023-11-01,95.51,4ce6f16c-536a-4de2-b92c-48910ad7709d,c1c72526-158e-43df-8222-d434402fd8d4
eedf625a-5afc-4df8-8787-344aceae56e1,2023-11-08,350.56,911ec81d-3945-4d83-b69d-7b854cbae299,2e30ea53-ea27-48fb-b075-c67ec6bff1c4
5b9fb71e-a570-4b3e-ac33-75fa6f550b88,2024-07-20,560.73,59ec7687-db54-45ca-b8bb-a0d5e5294d76,350742db-a55a-4897-ae94-7ed442efef1e
537a60a4-1310-4adf-b4bb-2ebbfa71173c,2024-07-01,78.49,3e4c1b52-cdbb-4950-9089-522349a2f719,9be6cf02-02e9-4540-ace7-a783752289a9
7262ad04-e083-4795-96ad-e75f0b8cadcc,2024-04-26,939.44,fda39e98-83d3-4796-9905-8eabffc69eff,eeb14d37-25bb-4b2f-bc38-effb2e71027a
6c66b61c-17ad-489b-bbbe-3fb24b0c6dd1,2024-05-18,624.21,b01ac54b-4365-4e0d-b99c-c32895050ac7,1e52f127-e9c0-4c17-a443-ea2a2ef3d351
9210ca70-4443-417a-be23-bdfc313b7b43,2023-10-28,265.55,276c1f5a-9763-4cf0-a4aa-9c1cd9e1b2ef,98b8224a-8dc6-4fdf-8d12-ac70708d8cb4
ba93aab4-bfff-4db5-ba89-01d3d37e00a8,2024-09-30,130.91,7b18a68a-211e-49ff-86d1-bacfd4c409a9,cfd0f69f-ade1-4b92-ae98-b5f3fa3cfbbd
80edc6d9-05f1-485a-bd49-4ca79d73f5c2,2024-08-02,842.59,d800d782-ae83-4bf1-8b41-95cb803c031b,0c3df81d-04fe-468d-8499-08e7ff4f1d17
c520a343-5e4c-42dc-8f9f-e43f079fc893,2024-02-17,360.41,911ec81d-3945-4d83-b69d-7b854cbae299,7709059e-7a0c-492e-8a4b-953b0ca44083
3a93b239-d999-4f81-b21e-372c8cc3a829,2024-07-09,68.22,2764fed7-1fb2-4bdf-b60c-7db6051b362f,9be6cf02-02e9-4540-ace7-a783752289a9
5896a7b5-2c9a-4ee0-8fd4-5995da542348,2023-12-01,296.22,b01ac54b-4365-4e0d-b99c-c32895050ac7,c1c72526-158e-43df-8222-d434402fd8d4
130d4209-b8f0-4022-b6f2-44efc5edcde6,2023-11-16,301.56,fda39e98-83d3-4796-9905-8eabffc69eff,b4c65feb-a6c2-426f-a944-82eef4b5f8aa
aac76e58-8d83-4f0b-8eca-d0ae9ebbc8a0,2023-11-26,630.47,6c8e3c39-5a82-459b-a674-d5540cf99a28,dba4dd2a-41c8-4450-9900-09978c6b54ec
3909f530-a2aa-49c5-aa86-039219aa020e,2024-07-27,618.31,d19fc6e3-44c4-4d17-ad48-78edefcd06ed,1e52f127-e9c0-4c17-a443-ea2a2ef3d351
91888e35-3e6a-41c8-a69c-fb1e22b0442c,2024-07-11,476.25,767f4144-811e-451f-a67b-af52fabe9830,9daa6c60-277f-46ab-a506-d1814659c219
99f62a65-c9c3-4ec2-b77b-911395553c74,2023-12-21,413.85,849ea95b-72a4-4364-9ea5-fafb08d43ee2,6b61d6b7-06ad-4526-9c2a-1e6d9d01bb20
de092871-43d8-44c5-9a0d-c64407dedf03,2023-10-22,806.3,911ec81d-3945-4d83-b69d-7b854cbae299,e9f10836-82b3-4cbc-8f5e-9b45c383200e
bbfd45cd-ceb0-491c-b6ba-a518e99bc552,2024-04-20,666.72,338c531d-1d79-4c64-8501-7370a965089f,00a55acf-0181-4c1c-89f8-7e620dd29b39
6a6afab0-dafe-4163-a040-7e30037fe13d,2024-04-09,634.8,92370558-f3e6-4599-a984-69106f708962,4e3817fc-6053-4a53-a923-ffed33bb626c
b70de47a-3f1e-4d01-aad9-d648c0147755,2024-05-26,524.22,e167f311-704d-44b3-8c45-17519ad868bb,85a42d96-ce1b-4e63-834c-104017bad0eb
25c6ed90-2f04-4259-938e-31f95398e883,2024-03-12,241.98,b01ac54b-4365-4e0d-b99c-c32895050ac7,98b8224a-8dc6-4fdf-8d12-ac70708d8cb4
7d4d3cc1-b062-48f1-b70b-75c79c375992,2024-05-12,648.71,d800d782-ae83-4bf1-8b41-95cb803c031b,0c3df81d-04fe-468d-8499-08e7ff4f1d17
c7fd8c8e-1163-4112-bebf-86ea6098aa40,2024-02-20,903.7,66dbeb1a-a27c-4cab-ad7f-4fcc788922a8,9c353fb1-0ac7-4140-9130-efd112c1f511
0c1a26e5-bf53-4eb4-8b8e-caabf82c377e,2024-05-27,492.34,7a2f8c31-7891-49d9-b3d2-f68a8e196795,18e2b4be-b9f2-47a1-8cf6-7e02511fd481
c335422d-ecd9-47d2-992e-eff71b6baba8,2024-05-10,65.91,87ca6efd-5e23-4c09-b8bc-21c55ebdbf5b,7f69081e-9759-4c4c-b601-c053504f0aeb
0ba2bfac-a733-459f-99c8-c382d4202409,2023-12-22,175.85,2489dd5d-8e28-4a32-84f8-29cdd0a2cbcb,98b8224a-8dc6-4fdf-8d12-ac70708d8cb4
17f8a9cd-4313-4203-9be3-186f17e9b018,2024-06-14,750.83,170814cb-9907-4a86-bb4a-cdd54c32d55b,4fa2488d-5767-4b6f-a375-0a7007556eaf
bb36bb7e-03ee-4af6-984c-314a2a2a6daa,2024-06-07,394.49,086c7c83-db90-4893-a967-e61e4e3acf83,8a81c9ff-b9f2-41fc-90d7-f3dbea7a22d4
2bde328c-4231-49a0-b3ff-1e524d1fb993,2024-07-05,945.96,8b2ede36-929e-47d4-94bb-7335be88313e,44bf0d2f-3068-4802-8e52-14c9d65514c6
4c9e406c-0b71-46d9-ac00-b9ac6ea91797,2023-10-26,251.34,a8b95e1e-bf60-44c8-a0cb-c633bfdfd7a0,1e52f127-e9c0-4c17-a443-ea2a2ef3d351
35a025ce-85d7-4b9b-a6be-365a54e39923,2024-02-03,428.15,e167f311-704d-44b3-8c45-17519ad868bb,4e3817fc-6053-4a53-a923-ffed33bb626c
e2f5e406-70f2-4bbf-9d31-d78efdedf550,2024-04-23,134.13,1e71220c-abbb-4ffb-ae10-af6372792405,876c5b1f-2b9c-4f86-997e-7698c9993872
544611c2-88e0-40ce-af13-4ffa0b7880cc,2024-01-19,192.18,87ca6efd-5e23-4c09-b8bc-21c55ebdbf5b,645e0dbe-194c-4673-a45d-3c0381fcf4f6
318a8517-8d78-484d-bbbf-f9ed050c0d50,2024-06-05,464.2,061fb136-cbda-4926-aefc-f38f42e943e0,e9f10836-82b3-4cbc-8f5e-9b45c383200e
62ad9215-efd5-4225-829b-f1bc99b6c713,2024-06-19,653.06,2f6354cc-4e20-44a0-afbd-f6ef72e8e08f,350742db-a55a-4897-ae94-7ed442efef1e
604375b0-b8d1-476b-8921-e3ccdc02fe82,2024-02-08,867.25,911ec81d-3945-4d83-b69d-7b854cbae299,7f69081e-9759-4c4c-b601-c053504f0aeb
085ac2b1-6dc2-4603-b961-62339ac13c27,2024-04-18,109.27,097a7163-5298-464f-bdac-7098a21c2029,b4c65feb-a6c2-426f-a944-82eef4b5f8aa
923a0723-25e9-4232-814f-56df1a756399,2024-06-29,517.9,7e1ad247-95ff-4e16-b056-01555e85cb53,0c3df81d-04fe-468d-8499-08e7ff4f1d17
e743bde0-213c-4ec7-b327-38dc9b6bea29,2024-07-10,955.31,f2760781-1b19-4231-b3a1-152550b2e04c,00a55acf-0181-4c1c-89f8-7e620dd29b39
f6c2270e-9bdb-4cdc-b906-48805c14347a,2024-04-11,102.57,7e1ad247-95ff-4e16-b056-01555e85cb53,64605cb9-08af-4fe4-8de4-89356c0be01d
29187471-d142-4549-879c-71deb9f6aeb7,2024-02-22,358.95,32a055e6-3483-45bf-9742-37b8b11306e2,1394745a-3049-4f16-b8f6-7181683fc250
ca9415e4-0c59-48e8-8b2f-35941bc75809,2024-03-19,170.32,f0b2cacc-bb48-4d35-b31b-1bfb0f8cd1b5,1e52f127-e9c0-4c17-a443-ea2a2ef3d351
f7b577ae-009a-44a4-a969-54c383c2c4e8,2024-04-25,623.11,56ecabf2-88ab-4c27-9260-b9463140ee92,4e3817fc-6053-4a53-a923-ffed33bb626c
f0529425-2557-4645-be4e-2b10c76ee334,2024-06-14,385.39,3469561d-6284-4eb8-8581-aaf830fc99e4,cc7a7d14-91e0-44d0-a073-484a6608bbfe
4ae23e92-ee46-4093-9626-d17516fc528e,2024-04-03,478.23,af30a5de-4222-4636-897d-f24b45badc5a,1cd4b5f4-f90b-4561-87f8-ac5aef1f885e
d6de6eed-4769-477e-97ff-55997a93de08,2024-10-01,221.48,29dd212a-75fd-48b8-ac76-37e91e721409,44bf0d2f-3068-4802-8e52-14c9d65514c6
104f8be6-f708-4c0e-beb5-0f1736350c1b,2023-10-24,614.11,e167f311-704d-44b3-8c45-17519ad868bb,4e3817fc-6053-4a53-a923-ffed33bb626c
e3ad19f5-daea-42ae-9cd8-d361d4d97a2f,2024-08-10,37.8,c96d30a2-b971-4aa2-8a2d-a9db8ef967ee,98b8224a-8dc6-4fdf-8d12-ac70708d8cb4
a8be08a6-d4ea-4bfb-9bb8-9ea2a2934e8a,2024-07-02,552.3,50737d63-48e2-4f5d-a040-8566c9ba019d,7f69081e-9759-4c4c-b601-c053504f0aeb
7cb0d19e-c79a-4677-99f5-61826dcb4382,2023-10-08,452.87,64099b2d-3a9b-4ace-9269-7807000b32f7,85a42d96-ce1b-4e63-834c-104017bad0eb
e7a01da1-8c1a-4357-93e7-ab024b2ff063,2024-06-20,984.9,17a5216a-88d0-4ac2-9eb0-527f90da5be5,2ae36f67-1e43-4735-9a48-84caca4e19fd
24349981-5f34-4be1-8873-cb65ad4c5a5f,2024-08-16,551.69,a8b95e1e-bf60-44c8-a0cb-c633bfdfd7a0,e9f10836-82b3-4cbc-8f5e-9b45c383200e
cea80764-7690-4195-8c7c-387d31767e15,2023-11-29,156.76,c2ec75c1-1021-4f18-b366-b8f542d5559d,4d429045-771e-4fc5-8a74-3ff9c511af83
69bebeb9-4bd1-4f0e-b28b-e9fb9f76cef0,2023-12-13,551.48,af30a5de-4222-4636-897d-f24b45badc5a,98b8224a-8dc6-4fdf-8d12-ac70708d8cb4
e80ae4b2-4e10-4543-95bf-1569faa7d963,2023-10-17,883.41,4ce6f16c-536a-4de2-b92c-48910ad7709d,eeb14d37-25bb-4b2f-bc38-effb2e71027a
9a02eeb6-5197-45f8-8389-30f4114bef3a,2024-08-11,620.1,f0b2cacc-bb48-4d35-b31b-1bfb0f8cd1b5,9c353fb1-0ac7-4140-9130-efd112c1f511
b202729d-76bd-4155-b16b-5a84283a3d42,2023-11-27,662.87,911ec81d-3945-4d83-b69d-7b854cbae299,7f69081e-9759-4c4c-b601-c053504f0aeb
dc3d8a0c-e8b3-4e53-8e1a-bc78d04c19ee,2024-02-02,570.32,a8b95e1e-bf60-44c8-a0cb-c633bfdfd7a0,c165e9d5-bf6a-49c9-b96c-94d78e6b791a
dcce4422-f46c-43fa-b10a-5ad6c5a95f7f,2024-09-01,194.6,c07b3daf-f6b6-41b0-a945-b70986f0eb46,00a55acf-0181-4c1c-89f8-7e620dd29b39
0caa3c2e-0d5d-495b-93e5-aa62af89c760,2024-02-29,336.67,b2ac5430-ec22-4326-9b35-5cbde72a742d,2a598113-b08a-4967-940f-b506b81256f0
c835fcd4-ffbe-4369-a135-8e96ba23656d,2024-07-08,439.22,56ecabf2-88ab-4c27-9260-b9463140ee92,0c3df81d-04fe-468d-8499-08e7ff4f1d17
5ffce130-3e6c-47ac-a754-d9454ff1340f,2023-11-10,615.05,8b25c54b-0582-4e54-8352-07339a43ea85,e473f4df-9fef-48e1-9017-4903fb772aee
e58e7274-7a56-438a-841f-60ec8abc5633,2024-10-05,486.54,32a055e6-3483-45bf-9742-37b8b11306e2,1e52f127-e9c0-4c17-a443-ea2a2ef3d351
b540dc5c-3152-421e-9c11-5da5bb2aa349,2024-05-13,343.87,5447150a-70ca-4a98-8d12-091cd25db865,eeb14d37-25bb-4b2f-bc38-effb2e71027a
45538837-825e-4b4d-86f7-f9f3d7c7b832,2024-05-17,252.92,92370558-f3e6-4599-a984-69106f708962,1394745a-3049-4f16-b8f6-7181683fc250
3d7398d1-9bc4-48c1-b7d2-67e70b64e321,2024-06-01,691.07,56ecabf2-88ab-4c27-9260-b9463140ee92,9daa6c60-277f-46ab-a506-d1814659c219
0ccadf64-6cc6-4584-8a89-91e4377d7166,2024-03-23,761.48,76f935b7-5ddd-477c-9911-623d137aa7bc,9c353fb1-0ac7-4140-9130-efd112c1f511
893522e5-8f5e-4234-8a9f-ff52f9c99d48,2024-07-14,981.58,3fa9522d-69db-4e54-9ce2-de3b52ee3e7e,9c353fb1-0ac7-4140-9130-efd112c1f511
28d4e389-aa62-4948-8e0c-d2a10b6c2033,2024-10-03,83.48,849ea95b-72a4-4364-9ea5-fafb08d43ee2,98b8224a-8dc6-4fdf-8d12-ac70708d8cb4
ea7988e8-4930-4ecd-a2e4-495cec807472,2024-07-27,149.49,1e71220c-abbb-4ffb-ae10-af6372792405,0c3df81d-04fe-468d-8499-08e7ff4f1d17
b130bc56-d120-4020-a87d-0efd4a7566d5,2023-11-27,901.41,32a055e6-3483-45bf-9742-37b8b11306e2,4df385cf-9bb9-498e-8406-3dc2093d100d
a6151828-74a7-4904-b144-830df0fa52fa,2024-09-21,905.47,5447150a-70ca-4a98-8d12-091cd25db865,c165e9d5-bf6a-49c9-b96c-94d78e6b791a
cd910a2c-8d22-4b4a-89ff-0cd36c34a42c,2024-03-07,359.71,dd300dab-fb87-4c2c-9206-3413092dd684,44bf0d2f-3068-4802-8e52-14c9d65514c6
892eb6d1-aeda-4f61-9880-4d0f6b1f5938,2023-12-01,763.04,d800d782-ae83-4bf1-8b41-95cb803c031b,eeb14d37-25bb-4b2f-bc38-effb2e71027a
7b691af6-1d33-4e1f-bbbe-f2d89d573969,2023-11-11,833.32,54eeb4a6-673c-46e8-98aa-8cc5ee82b28b,f37f192f-c171-4e3f-9dfd-bb0e833c6b3a
b2977c14-fe98-43b5-8def-edaae1293375,2024-09-19,874.36,f0b2cacc-bb48-4d35-b31b-1bfb0f8cd1b5,67c20c94-3597-45a7-ac78-84da0dd78cb3
820b8db6-74ff-485f-a8b3-cb37131a8c6e,2024-08-30,553.16,50737d63-48e2-4f5d-a040-8566c9ba019d,e473f4df-9fef-48e1-9017-4903fb772aee
67d98cae-fbf5-4b6a-85da-6c9541fd6ed5,2024-04-09,773.2,523ce54f-ca98-42f1-908a-297a0b04c489,2ae36f67-1e43-4735-9a48-84caca4e19fd
dc928c73-8425-41f0-90b4-cbe1f51ac41a,2024-05-28,383.01,534c667e-024f-47c9-a3fc-98d451043083,b8295297-0816-43bc-886c-e723e699eae7
97d3e7d5-16f7-4857-8c0a-12e51c2d4061,2024-05-17,101.61,4cf621db-a54c-4983-9e62-f5d40c4da6a9,42199678-c96b-49b5-af8b-f68ef3269dbd
cc96f0d0-0727-4625-bb31-3320f8d1a7af,2024-03-29,270.64,8da1414d-55c6-48cc-9daf-c20a61befcfc,876c5b1f-2b9c-4f86-997e-7698c9993872
13d6027a-5347-431b-a580-b3103a9032b2,2024-05-05,432.09,2489dd5d-8e28-4a32-84f8-29cdd0a2cbcb,645e0dbe-194c-4673-a45d-3c0381fcf4f6
de3e0773-f3ce-4776-aee4-189d1cc608aa,2023-12-19,238.31,523ce54f-ca98-42f1-908a-297a0b04c489,65cfc296-8409-4a95-a762-13a49eca0fa9
5e9fd127-2c71-4ede-a876-4ac26e66be14,2024-09-17,148.49,fda39e98-83d3-4796-9905-8eabffc69eff,4fa2488d-5767-4b6f-a375-0a7007556eaf
630ec594-f53f-44a0-803a-1b16c8a8cb90,2024-03-02,767.86,f0b2cacc-bb48-4d35-b31b-1bfb0f8cd1b5,6b61d6b7-06ad-4526-9c2a-1e6d9d01bb20
3eaffc0c-d518-4983-bbc9-2f604b913a2a,2024-06-05,326.91,7a2f8c31-7891-49d9-b3d2-f68a8e196795,98b8224a-8dc6-4fdf-8d12-ac70708d8cb4
ec04c89d-527c-416e-bc66-4faa93a14f07,2024-03-22,200.76,276c1f5a-9763-4cf0-a4aa-9c1cd9e1b2ef,44bf0d2f-3068-4802-8e52-14c9d65514c6
2d560f69-4613-4bae-b6a1-c6cea1967952,2024-07-08,547.77,fda39e98-83d3-4796-9905-8eabffc69eff,2a598113-b08a-4967-940f-b506b81256f0
dfe6f7f2-488f-4995-ad69-f280c7e11f82,2023-11-12,971.61,f2760781-1b19-4231-b3a1-152550b2e04c,7f69081e-9759-4c4c-b601-c053504f0aeb
37030b2b-8ee5-4feb-9911-d500dda2c339,2024-07-30,617.66,5d7a956f-9e88-41c3-8e30-2a4cada8a37f,eeb14d37-25bb-4b2f-bc38-effb2e71027a
2d7e127c-d679-40c8-9cbc-570541310b19,2024-10-03,937.22,3fa9522d-69db-4e54-9ce2-de3b52ee3e7e,b4c65feb-a6c2-426f-a944-82eef4b5f8aa
24b149f7-19d5-4c40-a81c-c77e6fe0eefc,2023-12-04,832.05,98d14e7a-b89d-42d2-ab55-259d40503ee3,64605cb9-08af-4fe4-8de4-89356c0be01d
1993978f-d972-4b5a-9c70-d250d0646725,2024-04-10,630.56,1e71220c-abbb-4ffb-ae10-af6372792405,4d429045-771e-4fc5-8a74-3ff9c511af83
1cb47584-b0d7-4f1d-b088-e198eed46a90,2024-07-13,76.01,98d14e7a-b89d-42d2-ab55-259d40503ee3,42e7da49-21af-4fc7-bac2-e20c7a67e772
d897d53d-f131-4ad1-9514-7b0bdfda71bb,2024-08-07,391.34,097a7163-5298-464f-bdac-7098a21c2029,4df385cf-9bb9-498e-8406-3dc2093d100d
e5ba50e8-892f-4412-adc7-eea50d4eb55c,2024-07-14,768.02,cc33ccd9-8805-407e-ad4f-5defe6cebfa5,7709059e-7a0c-492e-8a4b-953b0ca44083
29c1bb25-50aa-4887-9e23-9b4e0676181d,2024-06-06,980.01,061fb136-cbda-4926-aefc-f38f42e943e0,8a81c9ff-b9f2-41fc-90d7-f3dbea7a22d4
d763c733-bbe2-45c7-8105-39c8bc940212,2024-03-20,908.11,8b25c54b-0582-4e54-8352-07339a43ea85,1394745a-3049-4f16-b8f6-7181683fc250
b082172d-9041-43b1-b4b7-31d76746b183,2024-02-03,988.67,086c7c83-db90-4893-a967-e61e4e3acf83,8a7762ac-08d0-4bfb-a935-19999d4de098
250e3823-5047-4179-90ae-9b1b0dcf52e7,2024-05-23,340.84,3b725629-90a1-4697-a345-556474d44f06,2a598113-b08a-4967-940f-b506b81256f0
8aed8734-1377-4a0f-a92f-76ff5598a2c2,2024-06-10,710.65,4cf621db-a54c-4983-9e62-f5d40c4da6a9,4df385cf-9bb9-498e-8406-3dc2093d100d
79c3a9b3-9d85-4c83-9c14-12afd02a29b4,2024-07-24,797.08,85662cb6-0660-44d6-ba27-0595d418a19d,7f69081e-9759-4c4c-b601-c053504f0aeb
5576b1c9-dbc0-4720-bec8-46d92fe427d2,2024-04-12,207.05,3e4c1b52-cdbb-4950-9089-522349a2f719,1cd4b5f4-f90b-4561-87f8-ac5aef1f885e
c4f76129-3f08-43f6-b057-77c567fd6cfa,2024-10-05,51.73,76f935b7-5ddd-477c-9911-623d137aa7bc,8f38acf8-84f0-462b-9ac0-bee4364d0b98
8f8d1d74-c416-48e5-8f74-a4427daa6e39,2023-11-24,285.37,061fb136-cbda-4926-aefc-f38f42e943e0,b2ee8810-1b78-4042-8bf4-cbf0895c7e4d
4039c291-9276-4889-b519-005d71614b56,2023-12-25,442.87,4cf621db-a54c-4983-9e62-f5d40c4da6a9,42199678-c96b-49b5-af8b-f68ef3269dbd
02f58265-7a22-44c0-b784-55fca0fc0d97,2024-08-13,871.91,338c531d-1d79-4c64-8501-7370a965089f,4df385cf-9bb9-498e-8406-3dc2093d100d
766e1234-3edd-400f-a251-2bc610286cdc,2024-02-01,97.35,3fa9522d-69db-4e54-9ce2-de3b52ee3e7e,18e2b4be-b9f2-47a1-8cf6-7e02511fd481
318c4cf9-c12f-42da-8467-d2802da0a72d,2024-03-01,332.97,64099b2d-3a9b-4ace-9269-7807000b32f7,4d429045-771e-4fc5-8a74-3ff9c511af83
515a4e22-2e1a-4051-b5f1-4cadecf0605a,2024-08-30,159.94,2764fed7-1fb2-4bdf-b60c-7db6051b362f,00a55acf-0181-4c1c-89f8-7e620dd29b39
03f772d1-527c-4bdf-a292-344abbadebbf,2024-03-26,809.56,bf5c42d7-7d52-4c84-8d9b-af8291287f35,9daa6c60-277f-46ab-a506-d1814659c219
29c6d99c-1c10-486f-9349-7d160a86707d,2024-09-08,478.85,7e1ad247-95ff-4e16-b056-01555e85cb53,9be6cf02-02e9-4540-ace7-a783752289a9
ecc5605f-e41e-41a7-8864-582dee6ab508,2023-12-15,789.48,7cfa3f4c-8f1b-488d-b396-c42d9daa7b33,18e2b4be-b9f2-47a1-8cf6-7e02511fd481
6f3964f0-0dce-4d85-9da0-53017b9d486a,2024-06-22,669.03,e167f311-704d-44b3-8c45-17519ad868bb,2ae36f67-1e43-4735-9a48-84caca4e19fd
cb987cc0-ed43-4fe5-b4c4-367be34bdcf9,2023-11-07,418.09,e022e97a-ef5c-49cf-bf33-2b02b1d12752,f37f192f-c171-4e3f-9dfd-bb0e833c6b3a
10830281-9aa8-455e-b7ea-e2e24ffadb3d,2024-01-24,181.59,f3dbbf38-59f5-4b1a-96fd-6ec2b6ffe623,876c5b1f-2b9c-4f86-997e-7698c9993872
4455c97d-edde-4f5d-883e-fc038af334b7,2024-05-21,472.32,e022e97a-ef5c-49cf-bf33-2b02b1d12752,8a7762ac-08d0-4bfb-a935-19999d4de098
872c8b53-40be-467e-94e4-e4ed3d9f66d9,2023-11-30,428.42,911ec81d-3945-4d83-b69d-7b854cbae299,1e52f127-e9c0-4c17-a443-ea2a2ef3d351
fcbbb2f0-452d-4255-8bdc-5eb28e6b736a,2024-02-18,411.62,7e1ad247-95ff-4e16-b056-01555e85cb53,00a55acf-0181-4c1c-89f8-7e620dd29b39
678130e4-08a3-46ab-8acf-d2e9dcb67a7b,2024-01-04,16.28,a444f6c1-4ed6-4f4b-a834-71238cee9b2a,85a42d96-ce1b-4e63-834c-104017bad0eb
d48e2063-32cb-4a3e-9446-a04d06b3eb2b,2024-06-22,815.71,8b2d6ec7-54d1-47ee-bbf4-06374a725c9b,4e3817fc-6053-4a53-a923-ffed33bb626c
b80c345e-ad3f-44d6-8a27-2e13c2f401b9,2024-03-12,881.46,b2ac5430-ec22-4326-9b35-5cbde72a742d,1e52f127-e9c0-4c17-a443-ea2a2ef3d351
0a662413-a15c-48dc-a2c5-2fb0ee95e6e4,2024-05-30,804.16,9662d299-d601-4f63-bcde-64f046bc3dbf,2838418f-d520-4ff4-a0b2-e902d2782f49
e7272d07-38a0-405a-a9f9-eb1100753739,2024-08-15,719.03,7a2f8c31-7891-49d9-b3d2-f68a8e196795,65cfc296-8409-4a95-a762-13a49eca0fa9
8ff6859f-53e0-481d-a8d8-570b3d6d39e5,2024-04-23,807.73,b01ac54b-4365-4e0d-b99c-c32895050ac7,2a598113-b08a-4967-940f-b506b81256f0
326c21f0-7e84-4ed4-bf05-ba9630a77a0d,2024-09-18,648.21,ca018ac6-40f4-44f3-be14-b2c782d25b01,eeb14d37-25bb-4b2f-bc38-effb2e71027a
f03603ef-36b1-4a16-8769-ad003e8d7b9b,2024-01-09,313.19,8b2d6ec7-54d1-47ee-bbf4-06374a725c9b,c1c72526-158e-43df-8222-d434402fd8d4
f10cd8b4-01ee-4ca1-9d5b-36fd57f35fd5,2024-02-14,846.52,276c1f5a-9763-4cf0-a4aa-9c1cd9e1b2ef,00a55acf-0181-4c1c-89f8-7e620dd29b39
65731690-7353-41ce-8789-9e8fd1a4459d,2023-12-24,663.52,d3324bb7-0be6-44fb-8fcc-7d3f14f5409d,1cd4b5f4-f90b-4561-87f8-ac5aef1f885e
82eaf72c-f854-4425-8dba-2bb2dafce53e,2024-10-05,529.79,7b18a68a-211e-49ff-86d1-bacfd4c409a9,85a42d96-ce1b-4e63-834c-104017bad0eb
12ac294c-b386-429a-b422-e0add86e59dc,2023-12-27,382.88,c96d30a2-b971-4aa2-8a2d-a9db8ef967ee,4df385cf-9bb9-498e-8406-3dc2093d100d
b096fdeb-b2e3-4808-841c-e32086bab3f8,2023-11-16,799.11,51f933e9-7088-4b79-9788-c16437ee01f6,dba4dd2a-41c8-4450-9900-09978c6b54ec
e6743c45-2631-4f20-9ea5-b1ebb4dd3626,2023-12-02,802.32,bf5c42d7-7d52-4c84-8d9b-af8291287f35,ff8054f1-1fe2-4bb5-8679-4ec16d836ba3
ddc37fec-c1aa-45c0-9aae-8bb0584956d9,2024-09-19,533.35,b0a2fc61-005e-45cf-aada-85f7c33b955f,0c3df81d-04fe-468d-8499-08e7ff4f1d17
8ddc1ddf-ac6a-479c-af25-3eda614c3b66,2024-08-31,283.22,1982c65f-71ed-4ca9-b14d-a1015ff7e5c2,c1c72526-158e-43df-8222-d434402fd8d4
5faa7f6a-b14f-4c25-83dc-8580b74a09f3,2024-07-06,212.59,2f6354cc-4e20-44a0-afbd-f6ef72e8e08f,67c20c94-3597-45a7-ac78-84da0dd78cb3
904714ee-2fd2-4319-807c-ab45baeb9ddf,2024-05-14,848.27,7b18a68a-211e-49ff-86d1-bacfd4c409a9,2a598113-b08a-4967-940f-b506b81256f0
e7fb9eda-527c-4c05-993a-4726bc811b11,2024-02-26,632.22,3469561d-6284-4eb8-8581-aaf830fc99e4,8a81c9ff-b9f2-41fc-90d7-f3dbea7a22d4
b182c726-acec-466b-b21c-dff45f9ec75e,2024-05-18,47.71,849ea95b-72a4-4364-9ea5-fafb08d43ee2,081756b6-8083-450c-9cff-e40858bbab5f
907a97d4-8cd7-4f6f-8305-f70524124025,2024-09-30,149.11,d19fc6e3-44c4-4d17-ad48-78edefcd06ed,4df385cf-9bb9-498e-8406-3dc2093d100d
5e978ad6-bb1d-4689-b878-b8fed6a5077e,2023-12-17,570.36,276c1f5a-9763-4cf0-a4aa-9c1cd9e1b2ef,1e52f127-e9c0-4c17-a443-ea2a2ef3d351
0b0dbcda-344b-4590-95de-b4e7a459c880,2024-05-13,541.92,a8b95e1e-bf60-44c8-a0cb-c633bfdfd7a0,7f69081e-9759-4c4c-b601-c053504f0aeb
75607283-961f-4041-a217-8f6803ede567,2024-01-12,155.69,98d14e7a-b89d-42d2-ab55-259d40503ee3,44bf0d2f-3068-4802-8e52-14c9d65514c6
ebf38424-4730-46c5-8f51-32550a2224b3,2024-06-07,457.46,097a7163-5298-464f-bdac-7098a21c2029,ff8054f1-1fe2-4bb5-8679-4ec16d836ba3
f4aec039-4b36-42ce-a93f-04cbd6d19cbc,2024-07-21,320.39,85662cb6-0660-44d6-ba27-0595d418a19d,64605cb9-08af-4fe4-8de4-89356c0be01d
e365ec16-c8a3-4b2e-ae39-e100b3842495,2024-06-20,607.52,92370558-f3e6-4599-a984-69106f708962,8f38acf8-84f0-462b-9ac0-bee4364d0b98
92f26659-961c-40fc-bf15-b2dca0e558ac,2024-02-13,355.33,cd279da1-7c8f-4178-959d-63ec5bbc1b46,85a42d96-ce1b-4e63-834c-104017bad0eb
5574c6d7-0a5a-45f3-883f-b2505fa981f3,2024-01-20,468.53,24cdf2e1-d7bf-4670-b372-483c2b39d06d,ff8054f1-1fe2-4bb5-8679-4ec16d836ba3
c0e44372-f84c-42aa-8b8d-90a29d9b99bf,2023-11-03,456.96,c07b3daf-f6b6-41b0-a945-b70986f0eb46,ff8054f1-1fe2-4bb5-8679-4ec16d836ba3
73d9f613-2d77-419d-a5a5-a45061f81540,2024-02-22,57.54,534c667e-024f-47c9-a3fc-98d451043083,44bf0d2f-3068-4802-8e52-14c9d65514c6
93fdb7d7-4e6d-424f-880c-660cf9d52dd5,2024-05-18,640.02,98d14e7a-b89d-42d2-ab55-259d40503ee3,65cfc296-8409-4a95-a762-13a49eca0fa9
db6a14c2-72aa-469b-8ca9-a79fd9a91de8,2023-10-23,611.51,56ecabf2-88ab-4c27-9260-b9463140ee92,9be6cf02-02e9-4540-ace7-a783752289a9
d0e3f692-056f-4e79-8a9c-6932a9a4914c,2024-05-14,194.34,3fa9522d-69db-4e54-9ce2-de3b52ee3e7e,18e2b4be-b9f2-47a1-8cf6-7e02511fd481
76e00e96-af95-469d-83c9-8c8e75f2e912,2023-11-08,20.95,097a7163-5298-464f-bdac-7098a21c2029,9c353fb1-0ac7-4140-9130-efd112c1f511
9e3d7d24-880a-4d47-9fd0-1aff46034cb1,2023-12-06,933.71,c9ee8ca2-fc39-4f55-9349-5508960ab12b,2e30ea53-ea27-48fb-b075-c67ec6bff1c4
c3d8e981-fdb8-49f9-80a8-54244ae4aed8,2024-09-21,101.98,bfc625ed-f752-46fa-a858-077c1535de0d,1cd4b5f4-f90b-4561-87f8-ac5aef1f885e
cc76481d-b401-4e70-a943-fb16f7a8149e,2024-09-15,229.27,a113b1d2-eee6-4464-ac72-38025b17ea8e,ff8054f1-1fe2-4bb5-8679-4ec16d836ba3
549f0c53-381c-45a1-a7b2-325bbeb18453,2024-01-13,753.7,92370558-f3e6-4599-a984-69106f708962,9c353fb1-0ac7-4140-9130-efd112c1f511
88b44021-e105-4e59-9bba-3ac1f1582889,2024-03-13,271.28,4cf621db-a54c-4983-9e62-f5d40c4da6a9,2ae36f67-1e43-4735-9a48-84caca4e19fd
e5e511e5-da65-4016-b551-cf43aba6b3f8,2024-09-15,353.73,98d14e7a-b89d-42d2-ab55-259d40503ee3,1e52f127-e9c0-4c17-a443-ea2a2ef3d351
f3ae18bb-47e8-4d3e-8774-e3ab6195918b,2023-12-02,959.48,f3dbbf38-59f5-4b1a-96fd-6ec2b6ffe623,1e52f127-e9c0-4c17-a443-ea2a2ef3d351
4bad4da4-2143-42df-b993-b2a0de23c498,2024-05-02,943.57,b2ac5430-ec22-4326-9b35-5cbde72a742d,65ad6107-1ba2-4f68-8750-5b9b12115d79
723f3b36-0e15-482f-b3cc-1726e66797a7,2024-06-29,650.21,170814cb-9907-4a86-bb4a-cdd54c32d55b,45b8b583-829c-4a34-8feb-4c931a458885
fcb8dd34-672d-4f6b-b331-69bfb1b97ab4,2023-10-29,451.8,b0a2fc61-005e-45cf-aada-85f7c33b955f,b4c65feb-a6c2-426f-a944-82eef4b5f8aa
cadb6e7f-e5a5-40ee-8fa5-e3902fb7589a,2024-05-31,215.91,76f935b7-5ddd-477c-9911-623d137aa7bc,65ad6107-1ba2-4f68-8750-5b9b12115d79
4370ca32-f03c-4716-a808-b24ab1f5599e,2023-10-19,828.88,8b25c54b-0582-4e54-8352-07339a43ea85,44bf0d2f-3068-4802-8e52-14c9d65514c6
12fb41ec-637b-4759-8510-82588f7e5c87,2024-03-10,67.99,a049c67f-32ea-4469-be0c-b4cb29011740,65cfc296-8409-4a95-a762-13a49eca0fa9
4e93bab4-8de4-4820-a42f-849e5e1f6702,2023-11-04,848.03,76f935b7-5ddd-477c-9911-623d137aa7bc,1e52f127-e9c0-4c17-a443-ea2a2ef3d351
0316d841-7360-4007-abe8-d8a5fcaa2f28,2024-01-14,732.25,1982c65f-71ed-4ca9-b14d-a1015ff7e5c2,4df385cf-9bb9-498e-8406-3dc2093d100d
5c82195a-f339-42cf-ab27-05616aac0c0c,2024-10-03,132.13,2f6354cc-4e20-44a0-afbd-f6ef72e8e08f,7f69081e-9759-4c4c-b601-c053504f0aeb
8ef72bfb-2fee-4588-9af5-220b7b882083,2024-04-18,772.55,bfc625ed-f752-46fa-a858-077c1535de0d,dba4dd2a-41c8-4450-9900-09978c6b54ec
207421bb-31fe-49fe-935a-2404efe1c810,2024-03-04,786.36,061fb136-cbda-4926-aefc-f38f42e943e0,b2ee8810-1b78-4042-8bf4-cbf0895c7e4d
e8fae4d3-9a2e-44b4-9be7-df9731532156,2024-04-11,868.46,3fa9522d-69db-4e54-9ce2-de3b52ee3e7e,4fa2488d-5767-4b6f-a375-0a7007556eaf
f33f71b1-8464-486b-bc6a-f425f9000fcc,2024-03-04,639.13,2489dd5d-8e28-4a32-84f8-29cdd0a2cbcb,4fa2488d-5767-4b6f-a375-0a7007556eaf
0fcc3cb5-89bb-4e1c-9c7a-b5c7fb323767,2024-09-03,723.27,1b39fcc5-a5cf-451c-91ed-d81a5dad551c,64605cb9-08af-4fe4-8de4-89356c0be01d
5b06a958-c8d8-4484-8239-5e0bdcb75ceb,2023-10-11,981.98,f2760781-1b19-4231-b3a1-152550b2e04c,0c3df81d-04fe-468d-8499-08e7ff4f1d17
793036de-4bd7-405e-8330-845423c7a89d,2024-07-18,42.68,a444f6c1-4ed6-4f4b-a834-71238cee9b2a,65cfc296-8409-4a95-a762-13a49eca0fa9
df6112a6-38ae-4665-b1f8-12c67d0e84d0,2024-01-10,293.28,835f937b-1cb8-4b4e-b923-8271f9b4e02f,42199678-c96b-49b5-af8b-f68ef3269dbd
c528c937-08b5-4101-884a-d2355340f9eb,2024-05-19,448.48,523ce54f-ca98-42f1-908a-297a0b04c489,4e3817fc-6053-4a53-a923-ffed33bb626c
68404991-15f2-4f7d-9249-0ed90bbf4057,2023-11-07,297.75,e4442e54-4de4-4abb-b319-ccc9e0999de0,645e0dbe-194c-4673-a45d-3c0381fcf4f6
1cbf95e8-e55d-485f-a55f-7b68993dd8a6,2023-12-12,725.74,59ec7687-db54-45ca-b8bb-a0d5e5294d76,7f69081e-9759-4c4c-b601-c053504f0aeb
dc9970f9-5dac-4256-a310-7d8fb04e53a3,2024-03-15,162.69,7d670569-10fa-4558-b681-f44257b53613,44bf0d2f-3068-4802-8e52-14c9d65514c6
39690b44-fb18-4bbf-8910-2e7b8466097b,2024-05-04,334.88,bf5c42d7-7d52-4c84-8d9b-af8291287f35,e473f4df-9fef-48e1-9017-4903fb772aee
44d7e939-aa24-4716-82ad-829134ddbe8a,2024-07-24,652.24,6c8e3c39-5a82-459b-a674-d5540cf99a28,c1c72526-158e-43df-8222-d434402fd8d4
7ad6c6fd-dd24-4916-8fb1-d12892be6e40,2024-05-08,868.16,54eeb4a6-673c-46e8-98aa-8cc5ee82b28b,42e7da49-21af-4fc7-bac2-e20c7a67e772
cb4f20c5-a2e9-4cfe-8f21-67c8894e1e7d,2024-06-27,615.25,386eb032-9989-4534-8ff0-08a0c6a7ab19,18e2b4be-b9f2-47a1-8cf6-7e02511fd481
8143ef90-c5d1-4208-b730-55f7b56932c0,2024-05-29,69.22,849ea95b-72a4-4364-9ea5-fafb08d43ee2,e9f10836-82b3-4cbc-8f5e-9b45c383200e
40ae6184-2181-448c-8527-41e877fc7820,2024-04-02,302.4,d03251c5-58fa-41df-bef8-0675d61c8dcb,dba4dd2a-41c8-4450-9900-09978c6b54ec
0f8b6422-d89d-4e64-b786-e44b7e08ef48,2024-04-03,925.48,e022e97a-ef5c-49cf-bf33-2b02b1d12752,65cfc296-8409-4a95-a762-13a49eca0fa9
7624cf39-6fec-49f0-b392-5cbe3d397fb2,2023-12-09,205.11,cf5be9dd-e10a-4688-9d97-28d50e7d255f,ff8054f1-1fe2-4bb5-8679-4ec16d836ba3
96917352-b473-4631-b7ea-f129f3cc8eb6,2024-08-12,751.91,bfc625ed-f752-46fa-a858-077c1535de0d,1394745a-3049-4f16-b8f6-7181683fc250
73604fba-4a59-4bef-aad9-27129175d15b,2024-07-06,850.88,bf5c42d7-7d52-4c84-8d9b-af8291287f35,4df385cf-9bb9-498e-8406-3dc2093d100d
aae94332-b526-4727-9e92-a0ba2bbd72c0,2023-12-14,251.02,b32f4ae7-fa59-4940-90e9-7a6eeb80af94,9c353fb1-0ac7-4140-9130-efd112c1f511
d61dff89-07b9-432c-ae8c-a79dfe19d32a,2023-10-27,982.06,086c7c83-db90-4893-a967-e61e4e3acf83,9c353fb1-0ac7-4140-9130-efd112c1f511
b64e6dd3-d684-4fb9-99cf-07617d4dce80,2024-09-04,137.45,911ec81d-3945-4d83-b69d-7b854cbae299,65cfc296-8409-4a95-a762-13a49eca0fa9
a8c7572a-09bb-4fb7-864e-97260c9a026d,2024-05-03,80.54,0a2b0150-136e-4513-a71b-15b1cb92bbf8,b4c65feb-a6c2-426f-a944-82eef4b5f8aa
148313df-7db5-4d54-be7f-06844c24e1c9,2024-07-11,781.31,8da1414d-55c6-48cc-9daf-c20a61befcfc,ff8054f1-1fe2-4bb5-8679-4ec16d836ba3
7c826bdc-e38f-416b-9809-a450435bf89c,2024-02-19,902.96,e022e97a-ef5c-49cf-bf33-2b02b1d12752,00a55acf-0181-4c1c-89f8-7e620dd29b39
6ee4c993-6151-4988-a87d-e0d50e322214,2023-11-20,902.19,4786864f-f7f0-41b0-a356-6c4be02a2c52,67c20c94-3597-45a7-ac78-84da0dd78cb3
da8518ed-1693-4fa8-8dc7-d3db9cfd0c11,2024-06-23,13.57,6981face-56cb-4c3b-96fe-e911151529ef,9be6cf02-02e9-4540-ace7-a783752289a9
9a735308-92ea-4ee9-946c-04eeab0efef5,2023-11-28,276.39,3e4c1b52-cdbb-4950-9089-522349a2f719,7709059e-7a0c-492e-8a4b-953b0ca44083
d076756d-3c46-49f7-ac8c-2095360e413d,2024-09-18,372.66,338c531d-1d79-4c64-8501-7370a965089f,645e0dbe-194c-4673-a45d-3c0381fcf4f6
c3300672-bc09-4f0d-af0a-549c2c004184,2024-01-08,907.97,7e1ad247-95ff-4e16-b056-01555e85cb53,64605cb9-08af-4fe4-8de4-89356c0be01d
ed9dc742-f67f-47c1-8838-26ea3a6e5002,2024-01-14,819.26,fda39e98-83d3-4796-9905-8eabffc69eff,4e3817fc-6053-4a53-a923-ffed33bb626c
327974b4-075b-42ca-9689-6c855920360e,2024-07-29,137.52,bf5c42d7-7d52-4c84-8d9b-af8291287f35,45b8b583-829c-4a34-8feb-4c931a458885
1baa66ca-ee2d-4cf3-b77c-a3f7e4ca33bb,2024-01-31,891.58,8b25c54b-0582-4e54-8352-07339a43ea85,44bf0d2f-3068-4802-8e52-14c9d65514c6
2b671991-a638-4640-b8b4-061a4c514077,2024-05-02,379.56,7cfa3f4c-8f1b-488d-b396-c42d9daa7b33,18e2b4be-b9f2-47a1-8cf6-7e02511fd481
ec6bd997-c1fb-4647-992d-76199f350cc4,2023-11-17,202.51,4cf621db-a54c-4983-9e62-f5d40c4da6a9,8a7762ac-08d0-4bfb-a935-19999d4de098
91b06c5a-a9c1-4df4-bb5f-3c54c19de797,2024-08-09,830.2,7a2f8c31-7891-49d9-b3d2-f68a8e196795,cc7a7d14-91e0-44d0-a073-484a6608bbfe
af9e750a-833d-45e6-ae6a-7d11e980f8ff,2024-05-03,32.53,4246f535-b54c-451d-ad73-6fb185d82f7d,9c353fb1-0ac7-4140-9130-efd112c1f511
068054ce-2394-4364-9722-3f9abb2ad6ea,2024-05-30,617.31,dd422b36-e12d-4208-917f-b5bd22b30edd,9daa6c60-277f-46ab-a506-d1814659c219
a467be9f-e9e3-4911-828b-0745a591f23b,2024-05-12,27.2,6c8e3c39-5a82-459b-a674-d5540cf99a28,cfd0f69f-ade1-4b92-ae98-b5f3fa3cfbbd
9e1f33ef-a9f9-44bc-a290-c9ded442cf0c,2024-04-02,509.67,c2ec75c1-1021-4f18-b366-b8f542d5559d,1cd4b5f4-f90b-4561-87f8-ac5aef1f885e
40fb3373-3a34-412e-86b5-ea7dfa6a49fe,2024-05-15,426.1,c07b3daf-f6b6-41b0-a945-b70986f0eb46,00a55acf-0181-4c1c-89f8-7e620dd29b39
1c77bd43-0ac5-4f7c-86db-ccbdc682a2cf,2024-09-21,827.24,5447150a-70ca-4a98-8d12-091cd25db865,b8295297-0816-43bc-886c-e723e699eae7
6a01c636-4d8c-43e2-8ae4-6d82b7e03beb,2024-02-23,776.91,c96d30a2-b971-4aa2-8a2d-a9db8ef967ee,4df385cf-9bb9-498e-8406-3dc2093d100d
c1a5de60-1e19-4bcc-a028-8f76a067d024,2024-04-15,115.12,85662cb6-0660-44d6-ba27-0595d418a19d,cc7a7d14-91e0-44d0-a073-484a6608bbfe
36bb2b04-5d14-4392-b165-c1ea3706c0b7,2024-08-13,104.85,17a5216a-88d0-4ac2-9eb0-527f90da5be5,e473f4df-9fef-48e1-9017-4903fb772aee
7d081da0-16bf-4cb2-b9de-752c087f3d05,2024-08-20,48.87,911ec81d-3945-4d83-b69d-7b854cbae299,ff8054f1-1fe2-4bb5-8679-4ec16d836ba3
bc85cb9d-c278-4c51-8662-1516985370d3,2024-07-10,500.01,5d7a956f-9e88-41c3-8e30-2a4cada8a37f,eeb14d37-25bb-4b2f-bc38-effb2e71027a
9da4fffd-1671-44b6-b198-6ec3222b8ffa,2024-08-24,835.59,c9ee8ca2-fc39-4f55-9349-5508960ab12b,85a42d96-ce1b-4e63-834c-104017bad0eb
28a655b7-da57-4fd5-b358-ab687fdaa826,2023-10-19,128.99,98d14e7a-b89d-42d2-ab55-259d40503ee3,c165e9d5-bf6a-49c9-b96c-94d78e6b791a
acc1da78-bc5c-4430-93d7-fea574c305df,2024-05-24,42.76,b0a2fc61-005e-45cf-aada-85f7c33b955f,cc7a7d14-91e0-44d0-a073-484a6608bbfe
b7dcca60-6b1b-481b-b250-aa51762d606f,2024-10-05,501.11,d3324bb7-0be6-44fb-8fcc-7d3f14f5409d,8a81c9ff-b9f2-41fc-90d7-f3dbea7a22d4
86306e0c-8284-45c1-9105-0d7b3d298596,2024-08-04,296.55,af30a5de-4222-4636-897d-f24b45badc5a,42e7da49-21af-4fc7-bac2-e20c7a67e772
5b17769d-97bf-4c2e-b227-cea035cad71e,2024-07-10,425.51,4ce6f16c-536a-4de2-b92c-48910ad7709d,8a7762ac-08d0-4bfb-a935-19999d4de098
170ab188-8240-4495-aad4-7f3af1fc1e15,2024-08-22,107.29,061fb136-cbda-4926-aefc-f38f42e943e0,cc7a7d14-91e0-44d0-a073-484a6608bbfe
8bf7da94-a1d1-446a-8445-1dea2c07ea2c,2024-07-09,136.59,e1e7634f-e803-423b-8644-cdc85cdb3b88,65ad6107-1ba2-4f68-8750-5b9b12115d79
fa493094-f815-460b-82b0-34b3131e4683,2023-10-15,352.67,170814cb-9907-4a86-bb4a-cdd54c32d55b,2ae36f67-1e43-4735-9a48-84caca4e19fd
ec29b278-e593-413a-b8a9-37e022b94f28,2024-10-01,643.48,7d670569-10fa-4558-b681-f44257b53613,42e7da49-21af-4fc7-bac2-e20c7a67e772
28326a5a-a200-4679-abbd-62956be7ba43,2024-05-30,691.27,4786864f-f7f0-41b0-a356-6c4be02a2c52,dba4dd2a-41c8-4450-9900-09978c6b54ec
4a763fff-edce-4ec6-a437-ac6bd756a4b7,2024-01-10,827.19,c2ec75c1-1021-4f18-b366-b8f542d5559d,9daa6c60-277f-46ab-a506-d1814659c219
e44b133f-d2d3-475b-89f3-2a6952309b68,2024-07-08,561.79,3469561d-6284-4eb8-8581-aaf830fc99e4,dba4dd2a-41c8-4450-9900-09978c6b54ec
97d1af9c-9b77-458d-a3b7-e42c1824a1d2,2024-03-29,720.51,aa50b9c2-9905-451e-a743-35db1f077c04,b2ee8810-1b78-4042-8bf4-cbf0895c7e4d
7c09bffb-5321-484d-a3a8-e92e3562fe98,2024-05-01,600.25,b01ac54b-4365-4e0d-b99c-c32895050ac7,65cfc296-8409-4a95-a762-13a49eca0fa9
a7cff17a-f09f-44f5-a452-96c497f92236,2024-07-27,618.36,534c667e-024f-47c9-a3fc-98d451043083,cfd0f69f-ade1-4b92-ae98-b5f3fa3cfbbd
dd262c99-37ea-493c-9de7-f1ba204f2978,2024-07-30,606.09,1e71220c-abbb-4ffb-ae10-af6372792405,85a42d96-ce1b-4e63-834c-104017bad0eb
19a4c143-1854-4c5e-a519-ec564366ca3e,2024-08-24,837.15,8b2ede36-929e-47d4-94bb-7335be88313e,b2ee8810-1b78-4042-8bf4-cbf0895c7e4d
81fd3eba-ad30-4cc5-b99b-16bf9c3d0dfa,2024-05-27,70.01,29dd212a-75fd-48b8-ac76-37e91e721409,6b61d6b7-06ad-4526-9c2a-1e6d9d01bb20
4a195513-b001-4930-83bb-b6fad61f214a,2023-12-19,830.89,e1e7634f-e803-423b-8644-cdc85cdb3b88,4df385cf-9bb9-498e-8406-3dc2093d100d
6685baaa-3761-4b90-bf7b-5ae7fc5a4965,2024-07-29,636.34,17a5216a-88d0-4ac2-9eb0-527f90da5be5,645e0dbe-194c-4673-a45d-3c0381fcf4f6
25312d84-5c5e-44e9-a4a8-56f0d735619d,2024-01-04,579.83,dd300dab-fb87-4c2c-9206-3413092dd684,b4c65feb-a6c2-426f-a944-82eef4b5f8aa
5835326f-a5d4-4035-b93b-4ffa2a7cbb88,2024-05-24,330.49,2f6354cc-4e20-44a0-afbd-f6ef72e8e08f,b2ee8810-1b78-4042-8bf4-cbf0895c7e4d
423d6dbd-f24f-45d6-b9a8-03bfa368f959,2024-09-22,618.96,f2760781-1b19-4231-b3a1-152550b2e04c,45b8b583-829c-4a34-8feb-4c931a458885
dfe306da-eada-4b87-886a-f53a04984261,2023-12-25,723.68,32a055e6-3483-45bf-9742-37b8b11306e2,b4c65feb-a6c2-426f-a944-82eef4b5f8aa
be89a8a7-a6db-4077-a6bb-3e1f3c56738f,2023-10-24,592.83,fda39e98-83d3-4796-9905-8eabffc69eff,081756b6-8083-450c-9cff-e40858bbab5f
848ad6d6-197e-4d44-aba8-6b449cddbf02,2024-03-13,132.26,d800d782-ae83-4bf1-8b41-95cb803c031b,081756b6-8083-450c-9cff-e40858bbab5f
f1e314bd-a066-48d1-b322-6f6c137d679d,2023-11-13,399.87,8b2d6ec7-54d1-47ee-bbf4-06374a725c9b,45b8b583-829c-4a34-8feb-4c931a458885
af8a922f-f8be-4401-bb68-a8d3d906ba51,2024-01-29,122.24,3fa9522d-69db-4e54-9ce2-de3b52ee3e7e,cfd0f69f-ade1-4b92-ae98-b5f3fa3cfbbd
525085d5-b113-452c-9cc6-4c121fdcd4d7,2024-06-20,654.83,8b25c54b-0582-4e54-8352-07339a43ea85,b8295297-0816-43bc-886c-e723e699eae7
8adadc12-b348-45c1-a40c-34f5322c7f3d,2024-02-09,842.11,4ce6f16c-536a-4de2-b92c-48910ad7709d,e9f10836-82b3-4cbc-8f5e-9b45c383200e
874a37eb-1c09-4d0a-99b0-9b3d7ec0ecc6,2024-09-04,869.24,276c1f5a-9763-4cf0-a4aa-9c1cd9e1b2ef,85a42d96-ce1b-4e63-834c-104017bad0eb
092afebf-5a45-45aa-a9dd-4da616bafc8c,2023-11-02,146.97,56ecabf2-88ab-4c27-9260-b9463140ee92,7709059e-7a0c-492e-8a4b-953b0ca44083
87eb70a2-06f6-4139-a132-f8e43908fba5,2024-02-19,808.26,6981face-56cb-4c3b-96fe-e911151529ef,1cd4b5f4-f90b-4561-87f8-ac5aef1f885e
8b3769b1-c0ec-4aef-8422-98a826f8704c,2024-04-22,770.65,06b5265c-2faa-4b8c-93fd-7d0c401ed668,8f38acf8-84f0-462b-9ac0-bee4364d0b98
c983509d-fc15-49ea-aff7-0672253c1be6,2024-01-03,87.27,1982c65f-71ed-4ca9-b14d-a1015ff7e5c2,9c353fb1-0ac7-4140-9130-efd112c1f511
8c956679-82b9-4b99-b6d2-83b84438f796,2024-04-06,667.28,1e71220c-abbb-4ffb-ae10-af6372792405,65ad6107-1ba2-4f68-8750-5b9b12115d79
e6780f35-082b-43e8-9633-e6b619a1e9d8,2023-12-08,333.45,835f937b-1cb8-4b4e-b923-8271f9b4e02f,2ae36f67-1e43-4735-9a48-84caca4e19fd
f687b359-af57-439d-b1ef-bbb3fabdf706,2024-05-11,523.25,4cf621db-a54c-4983-9e62-f5d40c4da6a9,ff8054f1-1fe2-4bb5-8679-4ec16d836ba3
10141cfe-deb2-4c00-b2e6-ab720455852c,2024-08-07,920.25,5447150a-70ca-4a98-8d12-091cd25db865,ff8054f1-1fe2-4bb5-8679-4ec16d836ba3
3cc7e13e-6060-44d0-9448-bb8dbd10b17e,2024-07-06,153.2,e022e97a-ef5c-49cf-bf33-2b02b1d12752,2e30ea53-ea27-48fb-b075-c67ec6bff1c4
db55a849-0b8b-4186-854e-17ddecf128ab,2023-11-08,530.72,c96d30a2-b971-4aa2-8a2d-a9db8ef967ee,64605cb9-08af-4fe4-8de4-89356c0be01d
d8d3f33f-1e7b-4818-a212-22e8bc0339ed,2024-05-21,594.0,911ec81d-3945-4d83-b69d-7b854cbae299,e9f10836-82b3-4cbc-8f5e-9b45c383200e
fe6a6663-5c4d-434c-885b-7c1940e23eda,2024-04-16,771.29,32a055e6-3483-45bf-9742-37b8b11306e2,4df385cf-9bb9-498e-8406-3dc2093d100d
2a0a9c30-ab59-48b4-9c18-9128de84fbdc,2023-12-27,998.44,7cfa3f4c-8f1b-488d-b396-c42d9daa7b33,876c5b1f-2b9c-4f86-997e-7698c9993872
164848c9-136a-42d4-bdb3-57f5e917c1dc,2023-12-10,438.12,6c8e3c39-5a82-459b-a674-d5540cf99a28,350742db-a55a-4897-ae94-7ed442efef1e
e399c6c9-39f2-4fe6-9255-59ce7d7163e9,2024-09-17,562.99,3e4c1b52-cdbb-4950-9089-522349a2f719,b8295297-0816-43bc-886c-e723e699eae7
ea1de071-8f01-4f3f-b58a-cb2527ea1b00,2024-08-31,675.27,2f6354cc-4e20-44a0-afbd-f6ef72e8e08f,4df385cf-9bb9-498e-8406-3dc2093d100d
